section,runtime_id,ar,en,ur,tr,ug
flat,brand,التحليل اللغوي المجهري,Microscopic Linguistic Analysis,خوردبینی لسانی تجزیہ,Mikroskobik Dilbilimsel Analiz,مىكروسكوپىيىلىك تىلشۇناسلىق تەھلىلى
flat,brandSub,مختبر تحليل السور والآيات — نسخة 1.1.0,A lab for analyzing surahs and ayat,سورتوں اور آیات کے تجزیے کی تجربہ گاہ,Sure ve ayet analiz laboratuvarı,سۈرە ۋە ئايەتلەرنى تەھلىل قىلىش لابوراتورىيىسى
flat,audioSettingsBtn,إعدادات التلاوة,Recitation settings,تلاوت کی ترتیبات,Tilavet ayarları,تىلاۋەت تەڭشىكى
flat,reciterLabel,القارئ,Reciter,قاری,Kâri,قارى
flat,audioHint,يعمل تلقائيًا مع أي ورقة سورة أو آية كاملة.,Works automatically with any complete surah or ayah worksheet.,یہ خودکار طور پر کسی بھی مکمل سورت یا آیت والے ورک شیٹ کے ساتھ کام کرتا ہے۔,Tam bir sure veya ayet çalışma sayfasıyla otomatik olarak çalışır.,تولۇق سۈرە ياكى ئايەت ۋاراقچىسى بىلەن ئاپتوماتىك ئىشلەيدۇ.
flat,heroTitleMain,التحليل اللغوي,Microscopic,خوردبینی,Mikroskobik,مىكروسكوپىيىلىك
flat,heroTitleMag,المجهري,Linguistic Analysis,لسانی تجزیہ,Dilbilimsel Analiz,تىلشۇناسلىق تەھلىلى
flat,heroSub,ضع آيات القرآن الكريم تحت المجهر — اضغط أي بطاقة لفتح ورقة العمل، واكتب إجاباتك: الأسئلة القابلة للتصحيح تُصحَّح تلقائيًا (✓ صحيح / ✗ حاول مجددًا)، ويمكن طباعة أي ورقة كما هي.,"Put the verses of the Holy Quran under the microscope — tap any card to open its worksheet and write your answers: gradable questions are checked automatically (✓ correct / ✗ try again), and any worksheet can be printed as-is.",قرآن کریم کی آیات کو خوردبین کے نیچے رکھیں — کوئی بھی کارڈ دبائیں تاکہ ورک شیٹ کھلے اور اپنے جوابات لکھیں: قابلِ تصحیح سوالات خودکار طور پر جانچے جاتے ہیں (✓ درست / ✗ دوبارہ کوشش کریں)، اور کسی بھی ورک شیٹ کو جوں کا توں پرنٹ کیا جا سکتا ہے۔,Kur'an-ı Kerim ayetlerini mikroskop altına alın — çalışma sayfasını açmak için herhangi bir karta dokunun ve cevaplarınızı yazın: değerlendirilebilir sorular otomatik olarak kontrol edilir (✓ doğru / ✗ tekrar deneyin) ve herhangi bir çalışma sayfası olduğu gibi yazdırılabilir.,قۇرئان كەرىم ئايەتلىرىنى مىكروسكوپ ئاستىغا قويۇڭ — ۋاراقچىنى ئېچىش ئۈچۈن ھەر قانداق كارتىنى بېسىڭ ۋە جاۋابلىرىڭىزنى يېزىڭ: باھالىغىلى بولىدىغان سوئاللار ئاپتوماتىك تەكشۈرۈلىدۇ (✓ توغرا / ✗ قايتا سىناڭ)، ھەر قانداق ۋاراقچىنى بولغىنىچە بېسىپ چىقارغىلى بولىدۇ.
flat,fAll,الكل,All,سب,Tümü,ھەممىسى
flat,fSurah,السور الكاملة,Full surahs,مکمل سورتیں,Tam sureler,تولۇق سۈرىلەر
flat,fAyah,الآيات المختارة,Selected ayat,منتخب آیات,Seçili ayetler,تاللانغان ئايەتلەر
flat,fStory,القصص,Stories,قصے,Kıssalar,قىسسىلەر
flat,lvlAll,كل المستويات,All levels,تمام درجات,Tüm seviyeler,بارلىق دەرىجىلەر
flat,lvl1,بسيط,Basic,بنیادی,Temel,ئاساسىي
flat,lvl2,سهل,Easy,آسان,Kolay,ئاسان
flat,lvl3,متوسط,Medium,درمیانہ,Orta,ئوتتۇرا
flat,lvl4,صعب,Hard,مشکل,Zor,قىيىن
flat,lvl5,صعب جدًا,Very hard,بہت مشکل,Çok zor,بەك قىيىن
flat,searchPh,ابحث عن سورة أو آية...,Search for a surah or ayah...,کسی سورت یا آیت کو تلاش کریں...,Bir sure veya ayet arayın...,سۈرە ياكى ئايەت ئىزدەڭ...
flat,tagSurah,سورة كاملة,Full surah,مکمل سورت,Tam sure,تولۇق سۈرە
flat,tagAyah,آية مختارة,Selected ayah,منتخب آیت,Seçili ayet,تاللانغان ئايەت
flat,openWs,افتح الورقة ▾,Open worksheet ▾,ورک شیٹ کھولیں ▾,Çalışma sayfasını aç ▾,ۋاراقچىنى ئېچىڭ ▾
flat,closeWs,▲ إغلاق,▲ Close,▲ بند کریں,▲ Kapat,▲ يېپىڭ
flat,resetWs,تفريغ الإجابات,Clear answers,جوابات صاف کریں,Cevapları temizle,جاۋابلارنى تازىلاڭ
flat,printWs,🖨️ طباعة الورقة,🖨️ Print worksheet,🖨️ ورک شیٹ پرنٹ کریں,🖨️ Çalışma sayfasını yazdır,🖨️ ۋاراقچىنى بېسىپ چىقىرىڭ
flat,lvlLegendLabel,مستويات الأسئلة:,Question levels:,سوالات کے درجات:,Soru seviyeleri:,سوئال دەرىجىلىرى:
flat,listenWs,🔊 استماع للتلاوة,🔊 Listen to recitation,🔊 تلاوت سنیں,🔊 Tilaveti dinle,🔊 تىلاۋەتنى ئاڭلاڭ
flat,closeWsFull,▲ إغلاق الورقة,▲ Close worksheet,▲ ورک شیٹ بند کریں,▲ Çalışma sayfasını kapat,▲ ۋاراقچىنى يېپىڭ
flat,gateTitle,🔒 صفحة المدير,🔒 Admin page,🔒 ایڈمن صفحہ,🔒 Yönetici sayfası,🔒 باشقۇرغۇچى بېتى
flat,gateDesc,هذه الصفحة للمعلّم — أدخل كلمة المرور للمتابعة,This page is for the teacher — enter the password to continue,یہ صفحہ استاد کے لیے ہے — جاری رکھنے کے لیے پاس ورڈ درج کریں,Bu sayfa öğretmen içindir — devam etmek için şifreyi girin,بۇ بەت ئوقۇتقۇچى ئۈچۈن — داۋاملاشتۇرۇش ئۈچۈن پارولنى كىرگۈزۈڭ
flat,gatePassPh,كلمة المرور,Password,پاس ورڈ,Şifre,پارول
flat,gateEnter,دخول,Enter,داخل ہوں,Giriş,كىرىش
flat,gateCancel,إلغاء,Cancel,منسوخ کریں,İptal,بىكار قىلىش
flat,adminTitle,🛠️ صفحة المدير,🛠️ Admin page,🛠️ ایڈمن صفحہ,🛠️ Yönetici sayfası,🛠️ باشقۇرغۇچى بېتى
flat,adminClose,✕ إغلاق,✕ Close,✕ بند کریں,✕ Kapat,✕ يېپىڭ
flat,adminStep1,إضافة سورة أو آية,Add a surah or ayah,سورت یا آیت شامل کریں,Sure veya ayet ekle,سۈرە ياكى ئايەت قوشۇڭ
flat,adminStep2,إضافة الأسئلة,Add questions,سوالات شامل کریں,Soru ekle,سوئال قوشۇڭ
flat,revealModel,إظهار الإجابة النموذجية,Show model answer,نمونہ جواب دکھائیں,Örnek cevabı göster,ئۈلگە جاۋابنى كۆرسىتىڭ
flat,revealCorrect,إظهار الإجابة الصحيحة,Show correct answer,درست جواب دکھائیں,Doğru cevabı göster,توغرا جاۋابنى كۆرسىتىڭ
flat,answerPrefix,الإجابة: ,Answer: ,جواب: ,Cevap: ,جاۋاب: 
flat,openWsToggle,افتح الورقة ▾,Open worksheet ▾,ورک شیٹ کھولیں ▾,Çalışma sayfasını aç ▾,ۋاراقچىنى ئېچىڭ ▾
flat,closeWsToggle,إغلاق الورقة ▴,▲ Close worksheet,▲ ورک شیٹ بند کریں,▲ Çalışma sayfasını kapat,▲ ۋاراقچىنى يېپىڭ
flat,surahWord,سورة,Surah,سورۃ,Sure,سۈرە
flat,segPh,اكتب الحروف — تُفصَل بـ + تلقائيًا,Type the letters — separated by + automatically,حروف لکھیں — خودکار طور پر + سے الگ ہوں گے,Harfleri yazın — otomatik olarak + ile ayrılır,ھەرپلەرنى يېزىڭ — ئاپتوماتىك + بىلەن ئايرىلىدۇ
flat,numPh,اكتب العدد...,Type the number...,عدد لکھیں...,Sayıyı yazın...,ساننى يېزىڭ...
flat,textPh,اكتب إجابتك...,Type your answer...,اپنا جواب لکھیں...,Cevabınızı yazın...,جاۋابىڭىزنى يېزىڭ...
flat,checkDone,تم التحويط على الورقة ✓,Done on the paper ✓,کاغذ پر مکمل ✓,Kağıtta tamamlandı ✓,قەغەزدە تاماملاندى ✓
flat,scoreCorrect,صحيح: {},Correct: {},درست: {},Doğru: {},توغرا: {}
flat,scoreWrong, — خطأ: {}, — Wrong: {}, — غلط: {}, — Yanlış: {}, — خاتا: {}
flat,drawPh,صف رسمتك هنا... (أو ارسم على الورقة المطبوعة),Describe your drawing here... (or draw on the printed page),اپنی تصویر یہاں بیان کریں... (یا چھپی ہوئی ورق پر بنائیں),Çizimini burada tarif et... (veya baskı sayfasına çiz),رەسىمىڭىزنى بۇ يەردە چۈشەندۈرۈڭ... (ياكى بېسىلغان ۋاراقتا سىزىڭ)
flat,drawBox,✏️ مساحة الرسم — على النسخة المطبوعة,✏️ Drawing space — on the printed copy,✏️ ڈرائنگ کی جگہ — چھپی ہوئی کاپی پر,✏️ Çizim alanı — basılı kopyada,✏️ سىزىش بوشلۇقى — بېسىلغان نۇسخىدا
tpl,t1vkulgc,كلمة بها حرف ({}),A word containing the letter ({}),حرف ({}) والا لفظ,({}) harfini içeren bir kelime,({}) ھەرپىنى ئۆز ئىچىگە ئالغان سۆز
tpl,tdzb3f3,استخرج ({}),Find ({}),({}) تلاش کریں,({}) bul,({}) نى تېپىڭ
tpl,tzrpsyp,كلمة بها ({}),A word with ({}),({}) والا لفظ,({}) içeren bir kelime,({}) بار سۆز
tpl,tq1ivwh,حروف كلمة ({}) =,Letters in the word ({}) =,لفظ ({}) کے حروف =,({}) kelimesinin harfleri =,({}) سۆزىنىڭ ھەرپلىرى =
tpl,tmlme6c,انسخ: ({}),Copy: ({}),نقل کریں: ({}),Kopyala: ({}),كۆچۈرۈڭ: ({})
tpl,t1nj7u98,ما معنى ({})؟,What does ({}) mean?,({}) کا کیا مطلب ہے؟,({}) ne anlama gelir?,({}) نىڭ مەنىسى نېمە؟
tpl,t1wl171o,تكرار حرف ({}) =,How many times does the letter ({}) repeat =,حرف ({}) کتنی بار آیا =,({}) harfi kaç kez tekrarlanıyor =,({}) ھەرپى قانچە قېتىم تەكرارلانغان =
tpl,tx4ch96,تكرار كلمة ({}) =,How many times does the word ({}) repeat =,لفظ ({}) کتنی بار آیا =,({}) kelimesi kaç kez tekrarlanıyor =,({}) سۆزى قانچە قېتىم تەكرارلانغان =
tpl,tl7zh0q,حوّط كلمة ({}),Circle the word ({}),لفظ ({}) پر دائرہ لگائیں,({}) kelimesini daire içine al,({}) سۆزىگە دائىرە سىزىڭ
tpl,tfyvwc2,كلمة تبدأ بحرف ({}),A word starting with the letter ({}),حرف ({}) سے شروع ہونے والا لفظ,({}) harfiyle başlayan bir kelime,({}) ھەرپى بىلەن باشلانغان سۆز
tpl,t13mak43,ادمج ({}) ←,Combine ({}) ←,ملائیں ({}) ←,Birleştir ({}) ←,بىرلەشتۈرۈڭ ({}) ←
tpl,twpicef,تكرار حرف ({}) في السورة =,How many times does the letter ({}) repeat in the surah =,سورت میں حرف ({}) کتنی بار آیا =,Surede ({}) harfi kaç kez tekrarlanıyor =,سۈرىدە ({}) ھەرپى قانچە قېتىم تەكرارلانغان =
tpl,t18pf4td,أول حرف في ({}):,First letter in ({}):,({}) کا پہلا حرف:,({}) içindeki ilk harf:,({}) دىكى بىرىنچى ھەرپ:
tpl,t1lb18z7,آخر حرف في ({}):,Last letter in ({}):,({}) کا آخری حرف:,({}) içindeki son harf:,({}) دىكى ئاخىرقى ھەرپ:
tpl,t11ft2kr,وصل ({}) ←,Match ({}) ←,جوڑیں ({}) ←,Eşleştir ({}) ←,ماسلاشتۇرۇڭ ({}) ←
tpl,tdo2h2b,ادمج ({}),Combine ({}),ملائیں ({}),Birleştir ({}),بىرلەشتۈرۈڭ ({})
tpl,t1tbge5t,عدد النقاط في كلمة ({}) =,Number of dots in the word ({}) =,لفظ ({}) میں نقطوں کی تعداد =,({}) kelimesindeki nokta sayısı =,({}) سۆزىدىكى چېكىت سانى =
tpl,t10hdm6h,مضاد ({}) ←,Opposite of ({}) ←,({}) کا متضاد ←,({}) kelimesinin zıttı ←,({}) نىڭ زىت مەنىسى ←
tpl,tz6hsyd,استخرج ({}):,Find ({}):,({}) تلاش کریں:,({}) bul:,({}) نى تېپىڭ:
tpl,thqtrnt,جمع كلمة ({}) ←,Plural of the word ({}) ←,لفظ ({}) کی جمع ←,({}) kelimesinin çoğulu ←,({}) سۆزىنىڭ كۆپلۈكى ←
tpl,t155jewq,إملاء: ({}),Dictation: ({}),املا: ({}),Dikte: ({}),ئىملا: ({})
tpl,t13xf84w,سؤال رقم ({}) هو؟,What is question number ({})?,سوال نمبر ({}) کیا ہے؟,({}) numaralı soru nedir?,({})-سوئال نېمە؟
tpl,t1hnglnv,رتب: ({}),Put in order: ({}),ترتیب دیں: ({}),Sırala: ({}),تەرتىپلەڭ: ({})
tpl,t8hheck,تحليل كلمة ({}),Analyze the word ({}),لفظ ({}) کا تجزیہ,({}) kelimesini analiz et,({}) سۆزىنى تەھلىل قىلىڭ
tpl,t5ou5fl,كلمة بها حرف ({}) =,A word containing the letter ({}) =,حرف ({}) والا لفظ =,({}) harfini içeren bir kelime =,({}) ھەرپىنى ئۆز ئىچىگە ئالغان سۆز =
tpl,t1scztgh,معنى ({}) ←,Meaning of ({}) ←,({}) کا معنی ←,({}) kelimesinin anlamı ←,({}) نىڭ مەنىسى ←
tpl,tf469qa,ارسم ({}),Draw ({}),({}) بنائیں,({}) çiz,({}) نى سىزىڭ
tpl,t13maqri,ادمج ({}) =,Combine ({}) =,ملائیں ({}) =,Birleştir ({}) =,بىرلەشتۈرۈڭ ({}) =
tpl,t15161qu,كلمة بها مد ({}) =,A word with an elongation (madd) of ({}) =,({}) کی مد والا لفظ =,({}) uzatmasını (medd) içeren bir kelime =,({}) سوزۇلمىسى بار سۆز =
tpl,t17wuo8r,كلمة بها ({}):,A word with ({}):,({}) والا لفظ:,({}) içeren bir kelime:,({}) بار سۆز:
tpl,t165kpoi,حوّط كلمة ({}) بالسورة,Circle the word ({}) in the surah,سورت میں لفظ ({}) پر دائرہ لگائیں,Surede ({}) kelimesini daire içine al,سۈرىدە ({}) سۆزىگە دائىرە سىزىڭ
tpl,t1mrfpwv,كلمة تبدأ بحرف ({}) =,A word starting with the letter ({}) =,حرف ({}) سے شروع ہونے والا لفظ =,({}) harfiyle başlayan bir kelime =,({}) ھەرپى بىلەن باشلانغان سۆز =
tpl,t38p4br,نوع الـ في ({}):,"Type of ""al-"" in ({}):","({}) میں ""ال"" کی قسم:","({}) içindeki ""el-"" takısının türü:",({}) دىكى «ئەل» نىڭ تۈرى:
tpl,t1wry02y,كلمة تنتهي بـ ({}),A word ending with ({}),({}) پر ختم ہونے والا لفظ,({}) ile biten bir kelime,({}) بىلەن ئاياغلاشقان سۆز
tpl,tf4ne22,الكلمة رقم ({}) في السورة =,Word number ({}) in the surah =,سورت میں لفظ نمبر ({}) =,Suredeki ({}) numaralı kelime =,سۈرىدىكى ({})-سۆز =
tpl,t1uxlzku,تحليل كلمة ({}):,Analyze the word ({}):,لفظ ({}) کا تجزیہ:,({}) kelimesini analiz et:,({}) سۆزىنى تەھلىل قىلىڭ:
tpl,t10hdfz8,مضاد ({}) =,Opposite of ({}) =,({}) کا متضاد =,({}) kelimesinin zıttı =,({}) نىڭ زىت مەنىسى =
tpl,toginpu,استخرج ({}) =,Find ({}) =,({}) تلاش کریں =,({}) bul =,({}) نى تېپىڭ =
tpl,t1trijht,رتب: ({}):,Put in order: ({}):,ترتیب دیں: ({}):,Sırala: ({}):,تەرتىپلەڭ: ({}):
tpl,tngyvfa,كلمات تبدأ بـ ({}) =,Words starting with ({}) =,({}) سے شروع ہونے والے الفاظ =,({}) ile başlayan kelimeler =,({}) بىلەن باشلانغان سۆزلەر =
tpl,t16e2a8h,معنى ({}),Meaning of ({}),({}) کا معنی,({}) kelimesinin anlamı,({}) نىڭ مەنىسى
tpl,tsq9s5j,تكرار كلمة ({}),Repetition of the word ({}),لفظ ({}) کی تکرار,({}) kelimesinin tekrarı,({}) سۆزىنىڭ تەكرارلىنىشى
tpl,t1d3xt87,كلمة تنتهي بحرف ({}),A word ending with the letter ({}),حرف ({}) پر ختم ہونے والا لفظ,({}) harfiyle biten bir kelime,({}) ھەرپى بىلەن ئاياغلاشقان سۆز
tpl,t1va26s0,ما هو ({})؟,What is ({})?,({}) کیا ہے؟,({}) nedir?,({}) نېمە؟
tpl,t1cpxj9v,كلمات تنتهي بـ ({}) =,Words ending with ({}) =,({}) پر ختم ہونے والے الفاظ =,({}) ile biten kelimeler =,({}) بىلەن ئاياغلاشقان سۆزلەر =
tpl,t5loqs3,عدد حروف ({}) =,Number of letters in ({}) =,({}) کے حروف کی تعداد =,({}) kelimesindeki harf sayısı =,({}) نىڭ ھەرپ سانى =
tpl,tdl8i6d,تكرار حرف ({}) في الآية =,How many times does the letter ({}) repeat in the ayah =,آیت میں حرف ({}) کتنی بار آیا =,Ayette ({}) harfi kaç kez tekrarlanıyor =,ئايەتتە ({}) ھەرپى قانچە قېتىم تەكرارلانغان =
tpl,tm933dt,تكرار حرف ({}) في الآيات =,How many times does the letter ({}) repeat in the ayat =,آیات میں حرف ({}) کتنی بار آیا =,Ayetlerde ({}) harfi kaç kez tekrarlanıyor =,ئايەتلەردە ({}) ھەرپى قانچە قېتىم تەكرارلانغان =
tpl,t3grwwc,الكلمة رقم ({}) في الآيات =,Word number ({}) in the ayat =,آیات میں لفظ نمبر ({}) =,Ayetlerdeki ({}) numaralı kelime =,ئايەتلەردىكى ({})-سۆز =
tpl,tcy65yj,كلمة بها ({}) التعريف,A word with ({}) — the definite article,({}) والا لفظ — تعریف,({}) içeren bir kelime — tanım,({}) بار سۆز — تەرىپ
tpl,ttrg96w,كلمة تبدأ بحرف ({}):,A word starting with the letter ({}):,حرف ({}) سے شروع ہونے والا لفظ:,({}) harfiyle başlayan bir kelime:,({}) ھەرپى بىلەن باشلانغان سۆز:
tpl,tlmf2wt,نوع الـ في ({}),"Type of ""al-"" in ({})","({}) میں ""ال"" کی قسم","({}) içindeki ""el-"" takısının türü",({}) دىكى «ئەل» نىڭ تۈرى
tpl,t1nmos3z,تحليل ({}),Analyze ({}),({}) کا تجزیہ,({}) analiz et,({}) نى تەھلىل قىلىڭ
tpl,t1d0spkm,ما عكس ({})؟,What is the opposite of ({})?,({}) کا الٹ کیا ہے؟,({}) kelimesinin tersi nedir?,({}) نىڭ ئەكسى نېمە؟
tpl,t1havs4f,تكرار حرف ({}) بآخر الآيات =,How many times does the letter ({}) repeat at the end of the ayat =,آیات کے آخر میں حرف ({}) کتنی بار آیا =,Ayetlerin sonunda ({}) harfi kaç kez tekrarlanıyor =,ئايەتلەرنىڭ ئاخىرىدا ({}) ھەرپى قانچە قېتىم تەكرارلانغان =
tpl,t1xd4m5z,قراءة بطلاقة 3 مرات ✓,Read fluently 3 times ✓,3 بار روانی سے پڑھیں ✓,Akıcı bir şekilde 3 kez oku ✓,راۋان ھالدا 3 قېتىم ئوقۇڭ ✓
tpl,t1pv034p,ما اسم هذه السورة؟,What is the name of this surah?,اس سورت کا نام کیا ہے؟,Bu surenin adı nedir?,بۇ سۈرىنىڭ ئىسمى نېمە؟
tpl,t1wegk76,آخر كلمة في السورة:,Last word in the surah:,سورت کا آخری لفظ:,Suredeki son kelime:,سۈرىدىكى ئاخىرقى سۆز:
tpl,t1f1d9xq,عدد كلمات السورة =,Number of words in the surah =,سورت کے الفاظ کی تعداد =,Suredeki kelime sayısı =,سۈرىدىكى سۆز سانى =
tpl,t1y9vfsj,ردد السورة غيبًا ✓,Recite the surah from memory ✓,سورت زبانی دہرائیں ✓,Sureyi ezberden tekrarla ✓,سۈرىنى يادلاپ تەكرارلاڭ ✓
tpl,tyfguo6,عدد آيات السورة؟,Number of ayat in the surah?,سورت کی آیات کی تعداد؟,Suredeki ayet sayısı?,سۈرىدىكى ئايەت سانى؟
tpl,tx48116,رقم السورة في المصحف =,The surah's number in the Mushaf =,مصحف میں سورت کا نمبر =,Mushaf'taki sure numarası =,مۇسھەپتىكى سۈرە نومۇرى =
tpl,trd21px,أول كلمة في السورة؟,First word in the surah?,سورت کا پہلا لفظ؟,Suredeki ilk kelime?,سۈرىدىكى بىرىنچى سۆز؟
tpl,t1tecvwr,اسم السورة؟,Name of the surah?,سورت کا نام؟,Surenin adı?,سۈرىنىڭ ئىسمى؟
tpl,t1shx89g,عدد حروف السورة =,Number of letters in the surah =,سورت کے حروف کی تعداد =,Suredeki harf sayısı =,سۈرىدىكى ھەرپ سانى =
tpl,t2fgz0s,استمع إلى تلاوة السورة من قارئ متقن، وقارنها بقراءتك ✓,"Listen to a skilled reciter recite the surah, and compare it with your own recitation ✓",کسی ماہر قاری سے سورت کی تلاوت سنیں اور اپنی قراءت سے موازنہ کریں ✓,Sureyi usta bir kâriden dinle ve kendi okuyuşunla karşılaştır ✓,ماھىر قارىدىن سۈرىنىڭ تىلاۋىتىنى ئاڭلاڭ ۋە ئۆز ئوقۇشىڭىز بىلەن سېلىشتۇرۇڭ ✓
tpl,t19mdik,عدد كلمات الآية =,Number of words in the ayah =,آیت کے الفاظ کی تعداد =,Ayetteki kelime sayısı =,ئايەتتىكى سۆز سانى =
tpl,ttp7fch,ردد الآية غيبًا ✓,Recite the ayah from memory ✓,آیت زبانی دہرائیں ✓,Ayeti ezberden tekrarla ✓,ئايەتنى يادلاپ تەكرارلاڭ ✓
tpl,ttr96pa,استمع إلى تلاوة الآية من قارئ متقن، وقارنها بقراءتك ✓,"Listen to a skilled reciter recite the ayah, and compare it with your own recitation ✓",کسی ماہر قاری سے آیت کی تلاوت سنیں اور اپنی قراءت سے موازنہ کریں ✓,Ayeti usta bir kâriden dinle ve kendi okuyuşunla karşılaştır ✓,ماھىر قارىدىن ئايەتنىڭ تىلاۋىتىنى ئاڭلاڭ ۋە ئۆز ئوقۇشىڭىز بىلەن سېلىشتۇرۇڭ ✓
tpl,t1fcqtg1,خاتمة الآية بكلمة:,The ayah ends with the word:,آیت کس لفظ پر ختم ہوتی ہے:,Ayet hangi kelimeyle bitiyor:,ئايەت قايسى سۆز بىلەن ئاياغلىشىدۇ:
tpl,t1xxn4tq,رقم الآية؟,Ayah number?,آیت نمبر؟,Ayet numarası?,ئايەت نومۇرى؟
tpl,t1mk8d2b,اطلب من أحد والديك الاستماع إلى قراءتك لهذه السورة ✓,Ask one of your parents to listen to your recitation of this surah ✓,اپنے والدین میں سے کسی ایک سے اس سورت کی اپنی قراءت سننے کو کہیں ✓,Anne babandan birinden bu sureyi okuyuşunu dinlemesini iste ✓,ئاتا-ئاناڭىزدىن بىرىدىن بۇ سۈرىنى ئوقۇشىڭىزنى ئاڭلاشنى تەلەپ قىلىڭ ✓
tpl,tfiqinl,آخر حرف في الآية =,Last letter in the ayah =,آیت کا آخری حرف =,Ayetteki son harf =,ئايەتتىكى ئاخىرقى ھەرپ =
tpl,tntyluj,أول كلمة:,First word:,پہلا لفظ:,İlk kelime:,بىرىنچى سۆز:
tpl,t1mx5t8p,آخر كلمة:,Last word:,آخری لفظ:,Son kelime:,ئاخىرقى سۆز:
tpl,t1bchul6,اكتب خاتمة السورة بخط جميل,Write the surah's closing in neat handwriting,سورت کا اختتام خوبصورت خط میں لکھیں,Surenin sonunu güzel bir yazıyla yaz,سۈرىنىڭ ئاخىرىنى چىرايلىق خەت بىلەن يېزىڭ
tpl,tnochyr,لخّص السورة بجملة واحدة من عندك,Summarize the surah in one sentence of your own,سورت کا خلاصہ اپنے ایک جملے میں کریں,Sureyi kendi cümlenle tek cümlede özetle,سۈرىنى ئۆز جۈملىڭىز بىلەن بىر جۈملىدە خۇلاسىلەڭ
tpl,t1k0jb72,اذكر أهم فائدة استفدتها من هذه السورة,Mention the most important benefit you gained from this surah,اس سورت سے حاصل ہونے والا سب سے اہم فائدہ بتائیں,Bu sureden edindiğin en önemli faydayı belirt,بۇ سۈرىدىن ئالغان ئەڭ مۇھىم پايدىنى ئېيتىڭ
tpl,t15st3ag,عدد كلمات الآيات =,Number of words in the ayat =,آیات کے الفاظ کی تعداد =,Ayetlerdeki kelime sayısı =,ئايەتلەردىكى سۆز سانى =
tpl,t1cgf02,عدد حروف الآيات =,Number of letters in the ayat =,آیات کے حروف کی تعداد =,Ayetlerdeki harf sayısı =,ئايەتلەردىكى ھەرپ سانى =
tpl,trppn6b,أول كلمة في الآيات؟,First word in the ayat?,آیات کا پہلا لفظ؟,Ayetlerdeki ilk kelime?,ئايەتلەردىكى بىرىنچى سۆز؟
tpl,t1w5xl2c,آخر كلمة في الآيات:,Last word in the ayat:,آیات کا آخری لفظ:,Ayetlerdeki son kelime:,ئايەتلەردىكى ئاخىرقى سۆز:
tpl,tcbvbph,من أي سورة هذه الآيات؟,Which surah are these ayat from?,یہ آیات کس سورت سے ہیں؟,Bu ayetler hangi sureden?,بۇ ئايەتلەر قايسى سۈرىدىن؟
tpl,tj0lok5,ردد الآيات غيبًا ✓,Recite the ayat from memory ✓,آیات زبانی دہرائیں ✓,Ayetleri ezberden tekrarla ✓,ئايەتلەرنى يادلاپ تەكرارلاڭ ✓
tpl,t1htpxzl,ما رقم أول آية في هذا المقطع؟,What is the number of the first ayah in this passage?,اس حصے کی پہلی آیت کا نمبر کیا ہے؟,Bu bölümdeki ilk ayetin numarası nedir?,بۇ بۆلەكتىكى بىرىنچى ئايەتنىڭ نومۇرى نېمە؟
tpl,t1b7z5dz,اكتب خاتمة القصة بخط جميل,Write the story's ending in neat handwriting,قصے کا اختتام خوبصورت خط میں لکھیں,Kıssanın sonunu güzel bir yazıyla yaz,قىسسىنىڭ ئاخىرىنى چىرايلىق خەت بىلەن يېزىڭ
tpl,t1bm8cfi,لخّص القصة بجملة واحدة من عندك,Summarize the story in one sentence of your own,قصے کا خلاصہ اپنے ایک جملے میں کریں,Kıssayı kendi cümlenle tek cümlede özetle,قىسسىنى ئۆز جۈملىڭىز بىلەن بىر جۈملىدە خۇلاسىلەڭ
tpl,t3ulz83,اذكر أهم فائدة استفدتها من هذه القصة,Mention the most important benefit you gained from this story,اس قصے سے حاصل ہونے والا سب سے اہم فائدہ بتائیں,Bu kıssadan edindiğin en önemli faydayı belirt,بۇ قىسسىدىن ئالغان ئەڭ مۇھىم پايدىنى ئېيتىڭ
tpl,t1ypq8pw,عدد آيات السورة =,Number of ayat in the surah =,سورت کی آیات کی تعداد =,Suredeki ayet sayısı =,سۈرىدىكى ئايەت سانى =
tpl,tezlj1v,كلمة بها تنوين =,A word with tanwin =,تنوین والا لفظ =,Tenvin içeren bir kelime =,تەنۋىن بار سۆز =
tpl,t1hq2w1s,آخر كلمة في الآية:,Last word in the ayah:,آیت کا آخری لفظ:,Ayetteki son kelime:,ئايەتتىكى ئاخىرقى سۆز:
tpl,t1hcty,عدد حروف الآية =,Number of letters in the ayah =,آیت کے حروف کی تعداد =,Ayetteki harf sayısı =,ئايەتتىكى ھەرپ سانى =
tpl,tn322is,اسم السورة السابقة لها,Name of the surah before it,اس سے پہلی سورت کا نام,Ondan önceki surenin adı,ئۇنىڭدىن بۇرۇنقى سۈرىنىڭ ئىسمى
tpl,t14i6iyh,اسم السورة التالية لها,Name of the surah after it,اس کے بعد والی سورت کا نام,Ondan sonraki surenin adı,ئۇنىڭدىن كېيىنكى سۈرىنىڭ ئىسمى
tpl,tu87yn7,عدد كلمات الآيتين =,Number of words in the two ayat =,دونوں آیات کے الفاظ کی تعداد =,İki ayetteki kelime sayısı =,ئىككى ئايەتتىكى سۆز سانى =
tpl,tqx1b4r,{} سؤالًا,{} questions,{} سوالات,{} soru,{} سوئال
tpl,t1fet171,أولًا: التحليل الرقمي,First: Numerical Analysis,پہلا: عددی تجزیہ,Birinci: Sayısal Analiz,بىرىنچى: سانلىق تەھلىل
tpl,t1rgg6ka,أولًا: لغة الأرقام,First: The Language of Numbers,پہلا: اعداد کی زبان,Birinci: Sayıların Dili,بىرىنچى: سانلارنىڭ تىلى
tpl,t124c1yb,ثانيًا: مهارات الاستخراج,Second: Extraction Skills,دوسرا: استخراج کی مہارتیں,İkinci: Çıkarım Becerileri,ئىككىنچى: ئىزدەش ماھارىتى
tpl,tiu4r6n,ثالثًا: التدبر والنسخ,Third: Reflection & Copying,تیسرا: تدبر اور نقل,Üçüncü: Tefekkür ve Kopyalama,ئۈچىنچى: تەپەككۇر ۋە كۆچۈرۈش
tpl,t1nzm6dn,١. الظواهر الرقمية واللفظية,1. Numerical & Verbal Patterns,١۔ عددی اور لفظی مظاہر,1. Sayısal ve Sözel Özellikler,1. سانلىق ۋە سۆزلۈك ئالاھىدىلىكلەر
tpl,tbsty9z,١. مجهر الأرقام والبناء,1. The Microscope of Numbers & Structure,١۔ اعداد اور ساخت کی خوردبین,1. Sayılar ve Yapı Mikroskobu,1. سان ۋە قۇرۇلما مىكروسكوپى
tpl,tbspx16,١. مجهر الأرقام والحروف,1. The Microscope of Numbers & Letters,١۔ اعداد اور حروف کی خوردبین,1. Sayılar ve Harfler Mikroskobu,1. سان ۋە ھەرپ مىكروسكوپى
tpl,t3t4i05,١. مجهر الوعيد (الوجوه الخاشعة),1. The Microscope of Warning (Downcast Faces),١۔ وعید کی خوردبین (جھکے چہرے),1. Uyarı Mikroskobu (Boynu Bükük Yüzler),1. ئاگاھلاندۇرۇش مىكروسكوپى (تۆۋەن باش يۈزلەر)
tpl,t1l4kxzk,٢. مجهر اللغة والمهارات,2. The Microscope of Language & Skills,٢۔ زبان اور مہارتوں کی خوردبین,2. Dil ve Beceriler Mikroskobu,2. تىل ۋە ماھارەت مىكروسكوپى
tpl,t8bydju,٢. مجهر المهارات اللغوية,2. The Microscope of Language Skills,٢۔ لسانی مہارتوں کی خوردبین,2. Dil Becerileri Mikroskobu,2. تىل ماھارىتى مىكروسكوپى
tpl,txxmf2o,٢. مجهر المهارات واللغة,2. The Microscope of Skills & Language,٢۔ مہارتوں اور زبان کی خوردبین,2. Beceriler ve Dil Mikroskobu,2. ماھارەت ۋە تىل مىكروسكوپى
tpl,tz4kahh,٢. مجهر الوعد (الوجوه الناعمة),2. The Microscope of Promise (Radiant Faces),٢۔ وعدے کی خوردبین (تروتازہ چہرے),2. Vaat Mikroskobu (Mutlu Yüzler),2. ۋەدە مىكروسكوپى (پارلاق يۈزلەر)
tpl,tdtvn5i,٣. مجهر التدبر والذكاء,3. The Microscope of Reflection & Insight,٣۔ تدبر اور ذہانت کی خوردبین,3. Tefekkür ve Zeka Mikroskobu,3. تەپەككۇر ۋە زېھىن مىكروسكوپى
tpl,t3isini,٣. مجهر التفكر والرسالة,3. The Microscope of Thought & Message,٣۔ فکر اور پیغام کی خوردبین,3. Düşünce ve Mesaj Mikroskobu,3. ئوي ۋە خەۋەر مىكروسكوپى
tpl,tnb7vpw,٣. مجهر المعاني والتدبر,3. The Microscope of Meanings & Reflection,٣۔ معانی اور تدبر کی خوردبین,3. Anlamlar ve Tefekkür Mikroskobu,3. مەنە ۋە تەپەككۇر مىكروسكوپى
tpl,t9g6jza,آيات مختارة · بداية قصة أصحاب الكهف,Selected ayat · beginning of the People of the Cave story,منتخب آیات · اصحاب کہف کے قصے کا آغاز,Seçili ayetler · Ashab-ı Kehf kıssasının başlangıcı,تاللانغان ئايەتلەر · ئەسھابۇل كەھپى قىسسىسىنىڭ بېشى
tpl,t9bx0x,آيات مختارة · دعاء زكريا عليه السلام وبشارته بيحيى,Selected ayat · Zakariyya's supplication and the glad tidings of Yahya,منتخب آیات · زکریا علیہ السلام کی دعا اور یحییٰ کی بشارت,Seçili ayetler · Zekeriyya'nın duası ve Yahya müjdesi,تاللانغان ئايەتلەر · زەكەرىييا ئەلەيھىسسالامنىڭ دۇئاسى ۋە يەھيا بىلەن خۇش خەۋەر
tpl,t1tt63a1,آيات مختارة · قصة آدم عليه السلام,Selected ayat · The story of Adam,منتخب آیات · آدم علیہ السلام کا قصہ,Seçili ayetler · Adem'in kıssası,تاللانغان ئايەتلەر · ئادەم ئەلەيھىسسالامنىڭ قىسسىسى
tpl,t18t3l2b,آيات مختارة · قصة سليمان عليه السلام والهدهد,Selected ayat · The story of Sulayman and the hoopoe,منتخب آیات · سلیمان علیہ السلام اور ہدہد کا قصہ,Seçili ayetler · Süleyman ve hüdhüd kıssası,تاللانغان ئايەتلەر · سۇلايمان ئەلەيھىسسالام ۋە ھۆپۆپ قىسسىسى
tpl,t1gk5yzn,آيات مختارة · قصة طالوت وداود وجالوت,"Selected ayat · The story of Talut, Dawud, and Jalut",منتخب آیات · طالوت، داؤد اور جالوت کا قصہ,"Seçili ayetler · Talut, Davud ve Calut kıssası",تاللانغان ئايەتلەر · تالۇت، داۋۇت ۋە جالۇت قىسسىسى
tpl,tyeavmw,آيات مختارة · نجاة إبراهيم عليه السلام من النار,Selected ayat · Ibrahim's rescue from the fire,منتخب آیات · ابراہیم علیہ السلام کی آگ سے نجات,Seçili ayetler · İbrahim'in ateşten kurtuluşu,تاللانغان ئايەتلەر · ئىبراھىم ئەلەيھىسسالامنىڭ ئوتتىن قۇتۇلۇشى
tpl,tchvvsq,آية مختارة,Selected ayah,منتخب آیت,Seçili ayet,تاللانغان ئايەت
tpl,t1j0di28,آية مختارة · آية النور,Selected ayah · the Ayah of Light,منتخب آیت · آیت نور,Seçili ayet · Nur Ayeti,تاللانغان ئايەت · نۇر ئايىتى
tpl,t1hlqbn0,آية مختارة · أسماء الله الحسنى,Selected ayah · the Beautiful Names of Allah,منتخب آیت · اللہ کے اسماء الحسنیٰ,Seçili ayet · Allah'ın güzel isimleri,تاللانغان ئايەت · ئاللاھنىڭ گۈزەل ئىسىملىرى
tpl,tce6scd,آية مختارة · البسملة,Selected ayah · the Basmalah,منتخب آیت · بسملہ,Seçili ayet · Besmele,تاللانغان ئايەت · بەسمەلە
tpl,tw3ie86,آية مختارة · بداية قصة يوسف عليه السلام,Selected ayah · beginning of Yusuf's story,منتخب آیت · یوسف علیہ السلام کے قصے کا آغاز,Seçili ayet · Yusuf kıssasının başlangıcı,تاللانغان ئايەت · يۇسۇف ئەلەيھىسسالام قىسسىسىنىڭ بېشى
tpl,tv3hnae,آية مختارة · جامعة للخير,Selected ayah · comprehensive in goodness,منتخب آیت · خیر کو جامع,Seçili ayet · hayrı kapsayan,تاللانغان ئايەت · ياخشىلىقنى ئۆز ئىچىگە ئالغان
tpl,t1p0vnfu,آية مختارة · دعاء جامع,Selected ayah · a comprehensive supplication,منتخب آیت · ایک جامع دعا,Seçili ayet · kapsamlı bir dua,تاللانغان ئايەت · ئومۇميۈزلۈك دۇئا
tpl,t8l96t5,آية مختارة · قصة أم موسى وإلقائه في اليمّ,Selected ayah · the story of Musa's mother and casting him into the river,منتخب آیت · موسیٰ کی والدہ کا قصہ اور انہیں دریا میں ڈالنا,Seçili ayet · Musa'nın annesinin kıssası ve onu nehre bırakması,تاللانغان ئايەت · مۇسانىڭ ئانىسىنىڭ قىسسىسى ۋە ئۇنى دەرياغا تاشلىشى
tpl,t7orfcb,آية مختارة · مطلع آية الكرسي,Selected ayah · the opening of Ayat al-Kursi,منتخب آیت · آیت الکرسی کا آغاز,Seçili ayet · Ayetü'l-Kürsi'nin başlangıcı,تاللانغان ئايەت · ئايەتۇلكۇرسىنىڭ بېشى
tpl,t1wqzm2i,آيتان مختارتان,Two selected ayat,دو منتخب آیات,İki seçili ayet,ئىككى تاللانغان ئايەت
tpl,t1n2g7gi,آيتان مختارتان · قصة ذي النون,Two selected ayat · the story of Dhu'n-Nun (Yunus),دو منتخب آیات · ذوالنون (یونس) کا قصہ,İki seçili ayet · Zünnun (Yunus) kıssası,ئىككى تاللانغان ئايەت · زۇننۇن (يۇنۇس) قىسسىسى
tpl,tep95u8,آيتان مختارتان · قصة صبر أيوب عليه السلام,Two selected ayat · the story of Ayyub's patience,دو منتخب آیات · ایوب علیہ السلام کے صبر کا قصہ,İki seçili ayet · Eyyub'un sabrının kıssası,ئىككى تاللانغان ئايەت · ئەييۇب ئەلەيھىسسالامنىڭ سەۋرچانلىق قىسسىسى
tpl,trzeld6,سورة كاملة,Full surah,مکمل سورت,Tam sure,تولۇق سۈرە
tpl,tol21m5,سورة كاملة · مقاطع مختارة,Full surah · selected passages,مکمل سورت · منتخب حصے,Tam sure · seçili bölümler,تولۇق سۈرە · تاللانغان قىسىملار
tpl,tg7zbkf,سورة كاملة · ١١ آية · النزول: مكية,Full surah · 11 ayahs · Revealed: Meccan,مکمل سورت · 11 آیات · نزول: مکی,Tam sure · 11 ayet · İniş: Mekki,تولۇق سۈرە · 11 ئايەت · چۈشكەن ئورنى: مەككە
tpl,t1ud46vf,سورة كاملة · ١٥ آية · النزول: مكية,Full surah · 15 ayahs · Revealed: Meccan,مکمل سورت · 15 آیات · نزول: مکی,Tam sure · 15 ayet · İniş: Mekki,تولۇق سۈرە · 15 ئايەت · چۈشكەن ئورنى: مەككە
tpl,tusog3t,سورة كاملة · ١٧ آية · النزول: مكية,Full surah · 17 ayahs · Revealed: Meccan,مکمل سورت · 17 آیات · نزول: مکی,Tam sure · 17 ayet · İniş: Mekki,تولۇق سۈرە · 17 ئايەت · چۈشكەن ئورنى: مەككە
tpl,tfreukn,سورة كاملة · ١٩ آية · النزول: مكية,Full surah · 19 ayahs · Revealed: Meccan,مکمل سورت · 19 آیات · نزول: مکی,Tam sure · 19 ayet · İniş: Mekki,تولۇق سۈرە · 19 ئايەت · چۈشكەن ئورنى: مەككە
tpl,tbk4fhp,سورة كاملة · ٢٠ آية · النزول: مكية,Full surah · 20 ayahs · Revealed: Meccan,مکمل سورت · 20 آیات · نزول: مکی,Tam sure · 20 ayet · İniş: Mekki,تولۇق سۈرە · 20 ئايەت · چۈشكەن ئورنى: مەككە
tpl,t1wcsy4,سورة كاملة · ٢١ آية · النزول: مكية,Full surah · 21 ayahs · Revealed: Meccan,مکمل سورت · 21 آیات · نزول: مکی,Tam sure · 21 ayet · İniş: Mekki,تولۇق سۈرە · 21 ئايەت · چۈشكەن ئورنى: مەككە
tpl,tdp5d4f,سورة كاملة · ٢٢ آية · النزول: مكية,Full surah · 22 ayahs · Revealed: Meccan,مکمل سورت · 22 آیات · نزول: مکی,Tam sure · 22 ayet · İniş: Mekki,تولۇق سۈرە · 22 ئايەت · چۈشكەن ئورنى: مەككە
tpl,t6brsw8,سورة كاملة · ٢٥ آية · النزول: مكية,Full surah · 25 ayahs · Revealed: Meccan,مکمل سورت · 25 آیات · نزول: مکی,Tam sure · 25 ayet · İniş: Mekki,تولۇق سۈرە · 25 ئايەت · چۈشكەن ئورنى: مەككە
tpl,tvsavqj,سورة كاملة · ٢٦ آية · النزول: مكية,Full surah · 26 ayahs · Revealed: Meccan,مکمل سورت · 26 آیات · نزول: مکی,Tam sure · 26 ayet · İniş: Mekki,تولۇق سۈرە · 26 ئايەت · چۈشكەن ئورنى: مەككە
tpl,t19gtqe3,سورة كاملة · ٣ آيات,Full surah · 3 ayahs,مکمل سورت · 3 آیات,Tam sure · 3 ayet,تولۇق سۈرە · 3 ئايەت
tpl,t1d6qhnw,سورة كاملة · ٣٠ آية · النزول: مكية,Full surah · 30 ayahs · Revealed: Meccan,مکمل سورت · 30 آیات · نزول: مکی,Tam sure · 30 ayet · İniş: Mekki,تولۇق سۈرە · 30 ئايەت · چۈشكەن ئورنى: مەككە
tpl,t1uix7ze,سورة كاملة · ٣٦ آية · النزول: مكية,Full surah · 36 ayahs · Revealed: Meccan,مکمل سورت · 36 آیات · نزول: مکی,Tam sure · 36 ayet · İniş: Mekki,تولۇق سۈرە · 36 ئايەت · چۈشكەن ئورنى: مەككە
tpl,tq19xe7,سورة كاملة · ٤ آيات · النزول: مكية,Full surah · 4 ayahs · Revealed: Meccan,مکمل سورت · 4 آیات · نزول: مکی,Tam sure · 4 ayet · İniş: Mekki,تولۇق سۈرە · 4 ئايەت · چۈشكەن ئورنى: مەككە
tpl,t1tmbsvf,سورة كاملة · ٤٠ آية · النزول: مكية,Full surah · 40 ayahs · Revealed: Meccan,مکمل سورت · 40 آیات · نزول: مکی,Tam sure · 40 ayet · İniş: Mekki,تولۇق سۈرە · 40 ئايەت · چۈشكەن ئورنى: مەككە
tpl,tx2vc89,سورة كاملة · ٤٢ آية · النزول: مكية,Full surah · 42 ayahs · Revealed: Meccan,مکمل سورت · 42 آیات · نزول: مکی,Tam sure · 42 ayet · İniş: Mekki,تولۇق سۈرە · 42 ئايەت · چۈشكەن ئورنى: مەككە
tpl,t15deoml,سورة كاملة · ٤٦ آية · النزول: مكية,Full surah · 46 ayahs · Revealed: Meccan,مکمل سورت · 46 آیات · نزول: مکی,Tam sure · 46 ayet · İniş: Mekki,تولۇق سۈرە · 46 ئايەت · چۈشكەن ئورنى: مەككە
tpl,t166din1,سورة كاملة · ٥ آيات,Full surah · 5 ayahs,مکمل سورت · 5 آیات,Tam sure · 5 ayet,تولۇق سۈرە · 5 ئايەت
tpl,tv42hqm,سورة كاملة · ٥ آيات · النزول: مكية,Full surah · 5 ayahs · Revealed: Meccan,مکمل سورت · 5 آیات · نزول: مکی,Tam sure · 5 ayet · İniş: Mekki,تولۇق سۈرە · 5 ئايەت · چۈشكەن ئورنى: مەككە
tpl,t17jo7ge,سورة كاملة · ٦ آيات,Full surah · 6 ayahs,مکمل سورت · 6 آیات,Tam sure · 6 ayet,تولۇق سۈرە · 6 ئايەت
tpl,t12px64s,سورة كاملة · ٧ آيات · النزول: مكية,Full surah · 7 ayahs · Revealed: Meccan,مکمل سورت · 7 آیات · نزول: مکی,Tam sure · 7 ayet · İniş: Mekki,تولۇق سۈرە · 7 ئايەت · چۈشكەن ئورنى: مەككە
tpl,t14bsy28,سورة كاملة · ٨ آيات,Full surah · 8 ayahs,مکمل سورت · 8 آیات,Tam sure · 8 ayet,تولۇق سۈرە · 8 ئايەت
tpl,t7ljj9f,سورة كاملة · ٨ آيات · النزول: مكية,Full surah · 8 ayahs · Revealed: Meccan,مکمل سورت · 8 آیات · نزول: مکی,Tam sure · 8 ayet · İniş: Mekki,تولۇق سۈرە · 8 ئايەت · چۈشكەن ئورنى: مەككە
tpl,t4gcz7m,سورة كاملة · ٩ آيات · النزول: مكية,Full surah · 9 ayahs · Revealed: Meccan,مکمل سورت · 9 آیات · نزول: مکی,Tam sure · 9 ayet · İniş: Mekki,تولۇق سۈرە · 9 ئايەت · چۈشكەن ئورنى: مەككە
tpl,t1pbih41,١١ آية مكية,11 ayahs — Meccan,11 آیات — مکی,11 ayet — Mekki,11 ئايەت — مەككە
tpl,te2rq5l,١٩ آية مكية,19 ayahs — Meccan,19 آیات — مکی,19 ayet — Mekki,19 ئايەت — مەككە
tpl,t1urkc2u,٣ آيات مكية,3 ayahs — Meccan,3 آیات — مکی,3 ayet — Mekki,3 ئايەت — مەككە
tpl,tvjxmw1,٤ آيات مكية,4 ayahs — Meccan,4 آیات — مکی,4 ayet — Mekki,4 ئايەت — مەككە
tpl,tlkpfhc,٥ آيات مكية,5 ayahs — Meccan,5 آیات — مکی,5 ayet — Mekki,5 ئايەت — مەككە
tpl,t18fjf9i,٦ آيات,6 ayahs,6 آیات,6 ayet,6 ئايەت
tpl,t1easdl4,٨ آيات,8 ayahs,8 آیات,8 ayet,8 ئايەت
tpl,t1w1xgjn,السورة {},Surah {},سورۃ {},{}. Sure,{}-سۈرە
tpl,t17op27j,أحسِن لليتيم والمسكين، وحافظ على صلاتك,"Be good to the orphan and the poor, and keep up your prayer",یتیم اور مسکین کے ساتھ نیکی کرو، اور اپنی نماز کی حفاظت کرو,"Yetime ve yoksula iyilik et, namazını koru",يېتىم ۋە مىسكىنگە ياخشىلىق قىلىڭ، نامىزىڭىزنى ساقلاڭ
tpl,t2ihhgt,أربعة من أسماء الله الحسنى,Four of the Beautiful Names of Allah,اللہ کے چار اسماء الحسنیٰ,Allah'ın güzel isimlerinden dördü,ئاللاھنىڭ گۈزەل ئىسىملىرىدىن تۆتى
tpl,t173wkaq,أعظم آية في القرآن الكريم,The greatest ayah in the Holy Quran,قرآن کریم کی سب سے عظیم آیت,Kur'an-ı Kerim'in en büyük ayeti,قۇرئان كەرىمدىكى ئەڭ ئۇلۇغ ئايەت
tpl,t1rbma0g,أكثر من الدعاء والعبادة في العشر الأواخر من رمضان,Increase supplication and worship in the last ten nights of Ramadan,رمضان کے آخری عشرے میں دعا اور عبادت زیادہ کرو,Ramazan'ın son on gününde dua ve ibadeti artır,رامىزاننىڭ ئاخىرقى ئون كۈنىدە دۇئا ۋە ئىبادەتنى كۆپەيتىڭ
tpl,tbbk4lf,أكثِر من الدعاء والتسبيح في الشدائد، يستجب الله لك,"Increase supplication and glorification of Allah in hardship, and He will answer you",مشکلات میں دعا اور تسبیح زیادہ کرو، اللہ تمہاری سنے گا,"Zorluklarda dua ve tesbihi artır, Allah sana icabet eder",قىيىنچىلىقتا دۇئا ۋە تەسبىھنى كۆپەيتىڭ، ئاللاھ سىزگە ئىجابەت قىلىدۇ
tpl,t1gvsgea,أنت بطل ومنصور دائمًا — عمل عبقري وممتاز,"You are always a hero and victorious — brilliant, excellent work",تم ہمیشہ ہیرو اور فتح یاب ہو — شاندار اور بہترین کام,"Sen her zaman bir kahraman ve muzaffersin — parlak, mükemmel bir çalışma",سىز ھەمىشە قەھرىمان ۋە غالىبسىز — ئالاھىدە، ئەلا خىزمەت
tpl,t72dke,أنت في أمان وحفظ الله — مجهود رائع,You are safe under Allah's protection — wonderful effort,تم اللہ کی امان اور حفاظت میں ہو — شاندار کوشش,Allah'ın emanında ve korumasındasın — harika bir çaba,سىز ئاللاھنىڭ ئامانلىقى ۋە ساقلىشىدا — ئاجايىپ تىرىشچانلىق
tpl,tb45ko4,أنت مميز ومجتهد — عطاء الله لك بلا حدود,You are outstanding and hard-working — Allah's giving to you is limitless,تم ممتاز اور محنتی ہو — اللہ کی عطا تمہارے لیے بے حد ہے,Sen seçkin ve çalışkansın — Allah'ın sana bahşettikleri sınırsızdır,سىز كۆزگە كۆرۈنەرلىك ۋە تىرىشچان — ئاللاھنىڭ سىزگە بەرگىنى چەكسىز
tpl,te9hxb5,أنفق مما رزقك الله ييسّر الله أمرك,"Spend from what Allah has provided you, and Allah will ease your affairs",اللہ نے جو رزق دیا اس میں سے خرچ کرو، اللہ تمہارا کام آسان کرے گا,"Allah'ın sana rızık olarak verdiğinden infak et, Allah işini kolaylaştırır",ئاللاھ سىزگە بەرگەن رىزىقتىن سەرپ قىلىڭ، ئاللاھ ئىشىڭىزنى ئاسانلاشتۇرىدۇ
tpl,tknt7a9,أوفِ الكيل والميزان، فالله يعلم كل شيء,"Give full measure and weight, for Allah knows everything",ناپ تول پورا کرو، اللہ ہر چیز جانتا ہے,"Ölçüyü ve tartıyı tam yap, çünkü Allah her şeyi bilir",ئۆلچەم ۋە تارازىنى تولۇق قىلىڭ، چۈنكى ئاللاھ ھەممىنى بىلىدۇ
tpl,tt63nev,احذر الغيبة والنميمة والتفاخر بالمال,"Beware of backbiting, gossip, and boasting about wealth",غیبت، چغلی اور مال کی شیخی سے بچو,"Gıybetten, dedikodudan ve malla övünmekten sakın",غەيۋەت، چېقىمچىلىق ۋە بايلىقتىن مەغرۇرلىنىشتىن ساقلىنىڭ
tpl,t81481x,احرص على تفقّد من حولك كما تفقّد سليمان الهدهد,"Take care to check on those around you, as Sulayman checked on the hoopoe",اپنے اردگرد والوں کا خیال رکھو جیسے سلیمان نے ہدہد کا رکھا,"Süleyman'ın hüdhüdü kontrol ettiği gibi, etrafındakileri kontrol etmeye özen göster",سۇلايماننىڭ ھۆپۆپنى تەكشۈرگىنىدەك، ئەتراپىڭىزدىكىلەرگە كۆڭۈل بۆلۈڭ
tpl,t1sji9t2,احفظ أسرار من تحب، وثق أن تدبير الله خير,"Keep the secrets of those you love, and trust that Allah's plan is best",اپنے پیاروں کے راز رکھو، اور یقین رکھو کہ اللہ کی تدبیر بہتر ہے,Sevdiklerinin sırlarını sakla ve Allah'ın takdirinin en hayırlısı olduğuna güven,سۆيگەنلىرىڭىزنىڭ سىرلىرىنى ساقلاڭ، ئاللاھنىڭ تەدبىرى ئەڭ ياخشى ئىكەنلىكىگە ئىشىنىڭ
tpl,taipnt8,ادعُ الله دائمًا، فهو يستجيب لعباده المخلصين,"Always call upon Allah, for He answers His sincere servants",ہمیشہ اللہ کو پکارو، وہ اپنے مخلص بندوں کی سنتا ہے,"Her zaman Allah'a dua et, çünkü O samimi kullarına icabet eder",ھەمىشە ئاللاھقا دۇئا قىلىڭ، ئۇ سادىق بەندىلىرىگە ئىجابەت قىلىدۇ
tpl,t1437wcc,اسأل الله أن يهديك لنوره ويثبتك عليه,Ask Allah to guide you to His light and keep you firm upon it,اللہ سے دعا کرو کہ وہ تمہیں اپنے نور کی ہدایت دے اور اس پر ثابت قدم رکھے,Allah'tan seni nuruna hidayet etmesini ve onun üzerinde sabit kılmasını dile,ئاللاھتىن سىزنى نۇرىغا يېتەكلىشىنى ۋە ئۇنىڭدا چىڭ تۇرغۇزۇشىنى تىلەڭ
tpl,t2ve3t1,استعد ليوم القيامة بالعمل الصالح,Prepare for the Day of Judgment with righteous deeds,قیامت کے دن کے لیے نیک اعمال سے تیاری کرو,Kıyamet günü için salih amellerle hazırlan,قىيامەت كۈنى ئۈچۈن ياخشى ئەمەللەر بىلەن تەييارلىنىڭ
tpl,tp21kzh,اسعَ إلى ربك سعيًا، فإنك ملاقيه لا محالة,"Strive toward your Lord diligently, for you will surely meet Him",اپنے رب کی طرف کوشش کرو، بےشک تم اس سے ملنے والے ہو,"Rabbine doğru gayretle çalış, çünkü O'na mutlaka kavuşacaksın",پەرۋەردىگارىڭىزغا قاراپ تىرىشىڭ، چۈنكى سىز چوقۇم ئۇنىڭ بىلەن كۆرۈشىسىز
tpl,tzwy07b,اشكر الله يزدك من فضله,Thank Allah and He will increase you from His bounty,اللہ کا شکر ادا کرو، وہ اپنے فضل سے تمہیں اور دے گا,"Allah'a şükret, O lütfundan sana daha fazla verir",ئاللاھقا شۈكۈر قىلىڭ، ئۇ مەرھەمىتىدىن سىزگە يەنە زىيادە قىلىدۇ
tpl,t5knofc,الصبر على البلاء يفتح أبواب الفرج,Patience through hardship opens the doors of relief,مصیبت پر صبر فرج کے دروازے کھولتا ہے,Belaya sabretmek kurtuluş kapılarını açar,بالايىئاپەتكە سەۋر قىلىش نىجاتلىق ئىشىكلىرىنى ئاچىدۇ
tpl,t1fzt4yf,العدل والإحسان خُلُقُ المسلم — بارك الله فيك,Justice and kindness are the character of a Muslim — may Allah bless you,عدل اور احسان مسلمان کا خلق ہے — اللہ تمہیں برکت دے,Adalet ve iyilik Müslümanın ahlakıdır — Allah seni bereketlendirsin,ئادالەت ۋە ياخشىلىق مۇسۇلماننىڭ ئەخلاقى — ئاللاھ سىزنى بەرىكەتلىسۇن
tpl,twq6pqq,العقبة: فكّ رقبة، أو إطعام في يوم ذي مسغبة,"Al-Aqabah: freeing a slave, or feeding on a day of severe hunger",عقبہ: غلام آزاد کرنا، یا فاقہ کے دن کھانا کھلانا,Akabe: köle azat etmek veya kıtlık gününde yedirmek,ئەقەبە: قۇل ئازاد قىلىش ياكى قەھەتچىلىك كۈنىدە ئوزۇقلاندۇرۇش
tpl,t1e30muz,العلم نور والجهل ظلام,Knowledge is light and ignorance is darkness,علم نور ہے اور جہالت اندھیرا,"İlim nurdur, cehalet karanlıktır",بىلىم نۇر، نادانلىق قاراڭغۇلۇق
tpl,tsj1p1c,الله رحيم بعباده,Allah is Merciful to His servants,اللہ اپنے بندوں پر رحیم ہے,Allah kullarına merhametlidir,ئاللاھ بەندىلىرىگە مېھرىباندۇر
tpl,tduoror,الله غفور ودود لمن تاب وآمن وعمل صالحًا,"Allah is Forgiving and Loving to whoever repents, believes, and does good",اللہ توبہ کرنے، ایمان لانے اور نیک عمل کرنے والے کے لیے غفور ودود ہے,"Allah, tövbe eden, iman eden ve salih amel işleyene karşı Gafur ve Vedud'dur",ئاللاھ تەۋبە قىلغان، ئىمان ئېيتقان ۋە ياخشى ئىش قىلغانلارغا مەغپىرەت ۋە مېھىر-مۇھەببەت ئىگىسىدۇر
tpl,t1n8xjo3,الله قادر على كل شيء — بارك الله فيك,Allah is capable of all things — may Allah bless you,اللہ ہر چیز پر قادر ہے — اللہ تمہیں برکت دے,Allah her şeye kadirdir — Allah seni bereketlendirsin,ئاللاھ ھەممە نەرسىگە قادىر — ئاللاھ سىزنى بەرىكەتلىسۇن
tpl,t1idrr3h,الله قوي ينصر الحق — أنت عبقري ممتاز,Allah is Strong and supports the truth — you are brilliant and excellent,اللہ قوی ہے حق کی مدد کرتا ہے — تم بہترین ذہین ہو,"Allah güçlüdür, hakka yardım eder — sen çok başarılısın",ئاللاھ كۈچلۈك، ھەقىقەتكە ياردەم بېرىدۇ — سىز ئىقتىدارلىق ۋە ئەلا
tpl,t1hbefxj,الله يحفظ أولياءه مهما اشتدت المحنة,Allah protects His allies no matter how severe the trial,اللہ اپنے دوستوں کی حفاظت کرتا ہے چاہے آزمائش کتنی ہی سخت ہو,"Allah, sınav ne kadar şiddetli olursa olsun dostlarını korur",سىناق قانچىلىك ئېغىر بولۇشىدىن قەتئىينەزەر، ئاللاھ دوستلىرىنى قوغدايدۇ
tpl,t1daokek,الله يعلم كل شيء ويحفظ كل نفس بملائكته,Allah knows all things and protects every soul with His angels,اللہ ہر چیز جانتا ہے اور اپنے فرشتوں سے ہر نفس کی حفاظت کرتا ہے,Allah her şeyi bilir ve her canı melekleriyle korur,ئاللاھ ھەممىنى بىلىدۇ ۋە پەرىشتىلىرى بىلەن ھەربىر جاننى ساقلايدۇ
tpl,t1rvh7h2,اللهم اجعلنا منهم,"O Allah, make us among them",اے اللہ ہمیں انہی میں سے بنا دے,"Allahım, bizi onlardan eyle",ئى ئاللاھ، بىزنى ئۇلاردىن قىلغىن
tpl,t15i44x4,الوقت هو الحياة — استثمر وقتك في الخير,Time is life — invest your time in good,وقت زندگی ہے — اپنا وقت بھلائی میں لگاؤ,Zaman hayattır — zamanını hayırda kullan,ۋاقىت ھاياتتۇر — ۋاقتىڭىزنى ياخشىلىققا سەرپ قىلىڭ
tpl,t1o03syf,بارك الله في علمك وحفظك,May Allah bless your knowledge and memorization,اللہ تمہارے علم اور حفظ میں برکت دے,Allah ilmini ve ezberini bereketlendirsin,ئاللاھ بىلىمىڭىز ۋە ياتلىشىڭىزنى بەرىكەتلىسۇن
tpl,t4dmq55,بارك الله في مجهودك,May Allah bless your effort,اللہ تمہاری کوشش میں برکت دے,Allah çabanı bereketlendirsin,ئاللاھ تىرىشچانلىقىڭىزنى بەرىكەتلىسۇن
tpl,tavcwno,بعد كل صعوبة فرج قريب,"After every hardship, relief is near",ہر مشکل کے بعد آسانی قریب ہے,Her zorluktan sonra ferahlık yakındır,ھەر بىر قىيىنچىلىقتىن كېيىن كۇتۇلۇش يېقىندۇر
tpl,t1r9bvbs,تعدل ثلث القرآن — أحسنت يا باحث صغير,"Equals a third of the Quran — well done, little researcher",قرآن کے ایک تہائی کے برابر — شاباش چھوٹے محقق,Kur'an'ın üçte birine denktir — aferin küçük araştırmacı,قۇرئاننىڭ ئۈچتىن بىرىگە باراۋەر — ئوبدان، كىچىك تەتقىقاتچى
tpl,t1apqttc,تعلّم كما تعلّم آدم عليه السلام، فالعلم شرف ورفعة,"Learn as Adam learned, for knowledge is honor and elevation",آدم علیہ السلام کی طرح سیکھو، علم عزت اور بلندی ہے,"Adem'in öğrendiği gibi öğren, çünkü ilim şeref ve yücelmedir",ئادەمنىڭ ئۆگەنگىنىدەك ئۆگىنىڭ، چۈنكى بىلىم شەرەپ ۋە يۇقىرى مەرتىۋىدۇر
tpl,tlbd5n3,تفكّر في عظمة الله الذي خلقك وسوّاك فعدلك,"Reflect on the greatness of Allah who created you, shaped you, and proportioned you",اللہ کی عظمت پر غور کرو جس نے تمہیں پیدا کیا، ٹھیک بنایا اور برابر کیا,"Seni yaratan, şekillendiren ve dengeli kılan Allah'ın azametini düşün",سىزنى ياراتقان، شەكىللەندۈرگەن ۋە تەڭشىگەن ئاللاھنىڭ ئۇلۇغلۇقىنى ئويلاڭ
tpl,t1elida9,تقبل الله طاعتك,May Allah accept your obedience,اللہ تمہاری اطاعت قبول فرمائے,Allah itaatini kabul etsin,ئاللاھ ئىتائىتىڭىزنى قوبۇل قىلسۇن
tpl,tx93kza,توكّل على الله كما توكّل الفتية، فهو يهيئ لك الرشد,"Rely on Allah as the youths relied, for He prepares guidance for you",اللہ پر توکل کرو جیسے نوجوانوں نے کیا، وہ تمہارے لیے ہدایت مہیا کرتا ہے,"Gençlerin tevekkül ettiği gibi Allah'a tevekkül et, O sana doğruyu hazırlar",ياشلار تەۋەككۈل قىلغاندەك ئاللاھقا تەۋەككۈل قىلىڭ، ئۇ سىزگە توغرا يولنى تەييارلايدۇ
tpl,t1f36hk6,ثبات على الحق — مجهود عبقري لا مثيل له,"Steadfastness upon the truth — a brilliant, unmatched effort",حق پر ثابت قدمی — بےمثال شاندار کوشش,"Hak üzerinde sebat — eşsiz, mükemmel bir çaba",ھەقىقەتتە چىڭ تۇرۇش — تەڭداشسىز ئالاھىدە تىرىشچانلىق
tpl,twslc6f,ثق بوعد الله، فهو لا يخلف الميعاد,"Trust Allah's promise, for He does not break His word",اللہ کے وعدے پر یقین رکھو، وہ وعدہ خلافی نہیں کرتا,"Allah'ın vaadine güven, çünkü O sözünden dönmez",ئاللاھنىڭ ۋەدىسىگە ئىشىنىڭ، چۈنكى ئۇ ۋەدىسىدىن يانمايدۇ
tpl,t1n8yl8p,ثقي بربك، فما تركك ولا قلاك,"Trust your Lord, for He has not forsaken you nor been displeased with you",اپنے رب پر بھروسہ کرو، اس نے تمہیں نہیں چھوڑا اور نہ ناراض ہوا,"Rabbine güven, seni ne terk etti ne de sana darıldı",پەرۋەردىگارىڭىزغا ئىشىنىڭ، ئۇ سىزنى تاشلىۋەتمىدى ھەم رەنجىمىدى
tpl,t3w940d,حسبي الله ونعم الوكيل,"Allah is sufficient for me, and He is the best Disposer of affairs",اللہ ہی میرے لیے کافی ہے اور وہ بہترین کارساز ہے,"Allah bana yeter, O ne güzel vekildir",ئاللاھ ماڭا يېتەرلىك، ئۇ ئەڭ ياخشى ھامىي
tpl,tqavu8e,حفظك الله من كل سوء — مجهود عبقري وممتاز,"May Allah protect you from all harm — brilliant, excellent effort",اللہ تمہیں ہر برائی سے بچائے — شاندار اور بہترین کوشش,"Allah seni her kötülükten korusun — parlak, mükemmel bir çaba",ئاللاھ سىزنى ھەممە يامانلىقتىن ساقلىسۇن — ئالاھىدە، ئەلا تىرىشچانلىق
tpl,t1ean1wo,خف مقام ربك، وانهَ نفسك عن هواها تفز بالجنة,"Fear standing before your Lord, and restrain your soul from desire, and you will triumph with Paradise",اپنے رب کے سامنے کھڑے ہونے سے ڈرو، اور نفس کو خواہش سے روکو تاکہ جنت پاؤ,"Rabbinin huzurunda durmaktan kork, nefsini hevadan alıkoy ki cennetle kazanasın",پەرۋەردىگارىڭىزنىڭ ئالدىدا تۇرۇشتىن قورقۇڭ، نەپسىڭىزنى ھەۋەستىن توسۇڭ، جەننەت بىلەن غەلىبە قىلىسىز
tpl,t1xhwkw1,ذكر الله يحميك من كل وسواس — ممتاز يا عبقري,"Remembrance of Allah protects you from every whisper of doubt — excellent, genius",اللہ کا ذکر ہر وسوسے سے بچاتا ہے — بہترین، ذہین,"Allah'ı zikretmek seni her vesveseden korur — mükemmel, dahi",ئاللاھنى ياد ئېتىش سىزنى ھەرقانداق ۋەسۋەسىدىن قوغدايدۇ — ئەلا، ئىقتىدارلىق
tpl,t1flip1,سبّح اسم ربك الأعلى، وآثر الآخرة على الدنيا,"Glorify the name of your Most High Lord, and prefer the Hereafter over this world",اپنے رب اعلیٰ کے نام کی تسبیح کرو، اور آخرت کو دنیا پر ترجیح دو,Yüce Rabbinin ismini tesbih et ve ahireti dünyaya tercih et,ئۇلۇغ پەرۋەردىگارىڭىزنىڭ ئىسمىنى تەسبىھ ئېيتىڭ، ئاخىرەتنى دۇنيادىن ئارتۇق كۆرۈڭ
tpl,t1cqqair,صنع الله الذي أتقن كل شيء,"The work of Allah, who perfected all things",اللہ کی صنعت جس نے ہر چیز مکمل بنائی,Her şeyi mükemmel yapan Allah'ın sanatı,ھەممىنى مۇكەممەل قىلغان ئاللاھنىڭ ئىجادىيىتى
tpl,th8yyuq,طهارة النفس هي طريق الفلاح,Purity of the soul is the path to success,نفس کی پاکیزگی کامیابی کا راستہ ہے,Nefsin arınması kurtuluşun yoludur,نەپسىنىڭ پاكلىقى مۇۋەپپەقىيەتنىڭ يولى
tpl,te0n0sc,كم من فئة قليلة غلبت فئة كثيرة بإذن الله,How many a small group has overcome a large group by Allah's permission,کتنی چھوٹی جماعت نے اللہ کے حکم سے بڑی جماعت کو شکست دی,Nice küçük topluluk Allah'ın izniyle büyük bir topluluğu yenmiştir,نۇرغۇن كىچىك توپلار ئاللاھنىڭ ئىزنى بىلەن چوڭ توپلارنى يېڭىۋالغان
tpl,t1v5d9cj,كن من النفس المطمئنة الراضية بقضاء الله,"Be among the tranquil souls, content with Allah's decree",اللہ کی تقدیر پر راضی، مطمئن نفس والوں میں سے ہو جاؤ,"Allah'ın takdirine razı, mutmain nefislerden ol",ئاللاھنىڭ ھۆكمىگە رازى بولغان تىنچ نەپسىلەردىن بولۇڭ
tpl,t1h6dnk7,لا تجعل الدنيا تلهيك عن ذكر الله,Do not let this world distract you from the remembrance of Allah,دنیا کو اللہ کے ذکر سے غافل نہ ہونے دو,Dünyanın seni Allah'ı zikretmekten alıkoymasına izin verme,دۇنيانى ئاللاھنى ياد ئېتىشتىن چەتنىتىۋەتمەڭ
tpl,tub1fh,لا تُعرض عمّن يطلب الهدى، ولو بدا لك فقيرًا أو ضعيفًا,"Do not turn away from one who seeks guidance, even if he appears poor or weak to you",ہدایت طلب کرنے والے سے منہ نہ موڑو خواہ وہ فقیر یا کمزور نظر آئے,"Hidayet arayan kimseden yüz çevirme, sana fakir veya zayıf görünse bile",ھىدايەت ئىزدىگۈچىدىن يۈز ئۆرۈمەڭ، گەرچە ئۇ سىزگە كەمبەغەل ياكى ئاجىز كۆرۈنسىمۇ
tpl,t1vzutwd,مع العسر يسرًا، فلا تيأس عند الشدائد,"With hardship comes ease, so do not despair in adversity",مشکل کے ساتھ آسانی ہے، مشکلات میں مایوس نہ ہو,"Zorlukla beraber kolaylık vardır, o yüzden zorluklarda ümitsizliğe düşme",قىيىنچىلىق بىلەن بىللە ئاسانلىق بار، شۇڭا قىيىنچىلىقتا ئۈمىدسىزلەنمەڭ
tpl,tqj7jbk,نبدأ بها كل عمل,We begin every deed with it,ہم ہر کام اس سے شروع کرتے ہیں,Her işe onunla başlarız,بىز ھەربىر ئىشنى ئۇنىڭ بىلەن باشلايمىز
tpl,t1yq6c08,وفقك الله لما يحب ويرضى,May Allah grant you success in what He loves and is pleased with,اللہ تمہیں اس کی توفیق دے جو وہ پسند اور راضی ہو,Allah seni sevdiği ve razı olduğu şeye muvaffak kılsın,ئاللاھ سىزنى ياخشى كۆرگەن ۋە رازى بولغان ئىشقا مۇۋەپپەق قىلسۇن
tpl,tfoh4sh,السورة رقم {} في المصحف,Surah number {} in the Mushaf,مصحف میں سورت نمبر {},Mushaf'ta sure numarası {},مۇسھەپتىكى {}-سۈرە
tpl,t1sfyrzz,عدد آياتها {},It has {} ayahs,اس میں {} آیات ہیں,{} ayeti vardır,{} ئايىتى بار
tpl,t1esscpt,الآية {},Ayah {},آیت {},Ayet {},{}-ئايەت
tpl,t1mb50eb,من سورة {},from Surah {},سورۃ {} سے,{} Suresi'nden,{} سۈرىسىدىن
tpl,tiqlc2v,كلمات تنتهي بحرف (د) =,Words ending with the letter (د) =,حرف (د) پر ختم ہونے والے الفاظ =,(د) harfiyle biten kelimeler =,(د) ھەرپى بىلەن ئاياغلاشقان سۆزلەر =
tpl,t1764p7t,(ما): اسم أم حرف؟,(ما): a noun or a letter?,(ما): اسم ہے یا حرف؟,(ما): isim mi harf mi?,(ما): ئىسىممۇ ياكى ھەرپمۇ؟
tpl,ta0g8or,استخرج كلمة تبدأ بـ (و) القسم,Find a word starting with the (و) of oath,قسم والا حرف (و) سے شروع ہونے والا لفظ تلاش کریں,Yemin (و)'siyle başlayan bir kelime bul,قەسەم (و) ى بىلەن باشلانغان سۆزنى تېپىڭ
tpl,t183q263,كلمة من ٣ حروف,A word of 3 letters,٣ حروف والا لفظ,3 harfli bir kelime,3 ھەرپلىك سۆز
tpl,t1shkaos,كلمة تبدأ بـ (إذ),A word starting with (إذ),(إذ) سے شروع ہونے والا لفظ,(إذ) ile başlayan bir kelime,(إذ) بىلەن باشلانغان سۆز
tpl,t1nsue42,كلمة بها (شدة) في وسطها,A word with a (shaddah) in its middle,بیچ میں (شدہ) والا لفظ,Ortasında (şedde) bulunan bir kelime,ئوتتۇرىسىدا (شەددە) بار سۆز
tpl,t1omqinn,من هو رسول الله في السورة؟,Who is the messenger of Allah in this surah?,اس سورت میں اللہ کا رسول کون ہے؟,Bu surede Allah'ın elçisi kimdir?,بۇ سۈرىدە اﷲنىڭ ئەلچىسى كىم؟
tpl,tn8peaa,أكمل: والليل إذا ___,Complete: والليل إذا ___,مکمل کریں: والليل إذا ___,Tamamla: والليل إذا ___,تولۇقلاڭ: والليل إذا ___
tpl,t4er8g5,كم (واو) قَسَم في السورة؟,How many (waws) of oath are in the surah?,سورت میں قسم کے کتنے (واو) ہیں؟,Surede kaç tane yemin (و)'i var?,سۈرىدە قانچە قەسەم (واو) ى بار؟
tpl,t148qkot,كلمة من ٥ حروف,A word of 5 letters,٥ حروف والا لفظ,5 harfli bir kelime,5 ھەرپلىك سۆز
tpl,t8yhkdf,ضد كلمة (أسفل),Opposite of the word (أسفل),لفظ (أسفل) کی ضد,(أسفل) kelimesinin zıttı,(أسفل) سۆزىنىڭ زىددى
tpl,t1onasdn,من هم الناجون من النار؟,Who are those saved from the Fire?,دوزخ سے نجات پانے والے کون ہیں؟,Ateşten kurtulanlar kimlerdir?,دوزاختىن قۇتۇلغانلار كىملەر؟
tpl,tlmlfvg,ما هي ثمرة الزيتون؟,What is the fruit of the olive?,زیتون کا پھل کیا ہے؟,Zeytinin meyvesi nedir?,زەيتۇننىڭ مېۋىسى نېمە؟
tpl,t1cbihej,كلمة بها ( 4 ) حروف =,A word with (4) letters =,( 4 ) حروف والا لفظ =,(4) harfli bir kelime =,(4) ھەرپلىك سۆز =
tpl,t1q3n5rr,أكمل: ر سـ و ل كـ ر يـ ___,Complete: ر سـ و ل كـ ر يـ ___,مکمل کریں: ر سـ و ل كـ ر يـ ___,Tamamla: ر سـ و ل كـ ر يـ ___,تولۇقلاڭ: ر سـ و ل كـ ر يـ ___
tpl,t49kxf,من هو الرسول الكريم المقصود؟,Who is the noble messenger being referred to?,یہاں کون سا معزز رسول مراد ہے؟,Kastedilen değerli elçi kimdir?,بۇ يەردە كۆزدە تۇتۇلغان ھۆرمەتلىك ئەلچى كىم؟
tpl,txsm5c5,معنى «عاملة ناصبة»,Meaning of «عاملة ناصبة»,«عاملة ناصبة» کا مطلب,«عاملة ناصبة» ifadesinin anlamı,«عاملة ناصبة» نىڭ مەنىسى
tpl,t1y2c10q,ضد كلمة «خاشعة»,Opposite of the word «خاشعة»,لفظ «خاشعة» کی ضد,«خاشعة» kelimesinin zıttı,«خاشعة» سۆزىنىڭ زىددى
tpl,t14ft1au,كم آية لوصف أهل النار؟,How many ayahs describe the people of the Fire?,دوزخ والوں کی صفت کے لیے کتنی آیات ہیں؟,Ateş ehlini anlatan kaç ayet var?,دوزاخ ئەھلىنى بايان قىلىدىغان قانچە ئايەت بار؟
tpl,tx1fa18,ما معنى «لا تسمع فيها لاغية»؟,What does «لا تسمع فيها لاغية» mean?,«لا تسمع فيها لاغية» کا کیا مطلب ہے؟,«لا تسمع فيها لاغية» ne anlama gelir?,«لا تسمع فيها لاغية» نىڭ مەنىسى نېمە؟
tpl,t1qgxfl8,معنى «زرابي مبثوثة»,Meaning of «زرابي مبثوثة»,«زرابي مبثوثة» کا مطلب,«زرابي مبثوثة» ifadesinin anlamı,«زرابي مبثوثة» نىڭ مەنىسى
tpl,txkep6x,كيف نُصبت (الجبال)؟,How were (the mountains) set up?,(پہاڑ) کیسے کھڑے کیے گئے؟,(Dağlar) nasıl dikildi?,(تاغلار) قانداق تىكلەندى؟
tpl,t1facmop,ما معنى «إيابهم»؟,What does «إيابهم» mean?,«إيابهم» کا کیا مطلب ہے؟,«إيابهم» ne anlama gelir?,«إيابهم» نىڭ مەنىسى نېمە؟
tpl,t14am9xj,كيف تطبق السورة في حياتك؟,How do you apply this surah in your life?,آپ اس سورت کو اپنی زندگی میں کیسے لاگو کریں گے؟,Bu sureyi hayatında nasıl uygularsın?,بۇ سۈرىنى ھاياتىڭىزدا قانداق قوللىنىسىز؟
tpl,t1wnb99v,كلمة بها (هاء) بآخرها,A word with (haa) at its end,آخر میں (ہ) والا لفظ,Sonunda (he) harfi bulunan bir kelime,ئاخىرىدا (ھا) ھەرپى بار سۆز
tpl,t1hnt4ep,لماذا غضب الله على أبي لهب؟,Why was Allah angry with Abu Lahab?,اللہ ابو لہب سے کیوں ناراض ہوا؟,"Allah, Ebu Leheb'e neden kızdı?",اﷲ نېمە ئۈچۈن ئەبۇ لەھەبكە غەزەپلەندى؟
tpl,tshwwla,أكمل: الـكـافـرو___,Complete: الـكـافـرو___,مکمل کریں: الـكـافـرو___,Tamamla: الـكـافـرو___,تولۇقلاڭ: الـكـافـرو___
tpl,tvhh1m0,ماذا نتعلم من هذه السورة؟,What do we learn from this surah?,ہم اس سورت سے کیا سیکھتے ہیں؟,Bu sureden ne öğreniyoruz?,بۇ سۈرىدىن نېمە ئۆگىنىمىز؟
tpl,t1grgf4t,أكمل: تـوّابـ___,Complete: تـوّابـ___,مکمل کریں: تـوّابـ___,Tamamla: تـوّابـ___,تولۇقلاڭ: تـوّابـ___
tpl,t1tk51lk,شكّل حرف (ح) في (الحمد),Add diacritics to the letter (ح) in (الحمد),(الحمد) میں حرف (ح) پر اعراب لگائیں,(الحمد) içindeki (ح) harfini harekele,(الحمد) دىكى (ح) ھەرپىگە ھەرىكە قويۇڭ
tpl,t19xyonn,اليقين : __+__+__+__+__+__,اليقين : __+__+__+__+__+__,اليقين : __+__+__+__+__+__,اليقين : __+__+__+__+__+__,اليقين : __+__+__+__+__+__
tpl,t1jh6e3u,عن ماذا نُسأل يوم القيامة؟,About what will we be asked on the Day of Judgment?,قیامت کے دن ہم سے کس چیز کے بارے میں پوچھا جائے گا؟,Kıyamet günü neden sorguya çekileceğiz?,قىيامەت كۈنى بىزدىن نېمە توغرىسىدا سوئال سورىلىدۇ؟
tpl,tw85lqf,تكرار اسم الجلالة (الله) =,How many times does the name (Allah) repeat =,اسم جلالت (اللہ) کتنی بار آیا =,(Allah) ismi kaç kez tekrarlanıyor =,جانابى ئۆز ئىسمى (اﷲ) قانچە قېتىم تەكرارلانغان =
tpl,tmol4i,أكمل: حُـنـفـاء مُـخـلِـ___,Complete: حُـنـفـاء مُـخـلِـ___,مکمل کریں: حُـنـفـاء مُـخـلِـ___,Tamamla: حُـنـفـاء مُـخـلِـ___,تولۇقلاڭ: حُـنـفـاء مُـخـلِـ___
tpl,t1hqomnu,عدد النقاط في الآية الأولى =,Number of dots in the first ayah =,پہلی آیت میں نقطوں کی تعداد =,İlk ayetteki nokta sayısı =,بىرىنچى ئايەتتىكى چېكىت سانى =
tpl,tyetxu5,حوّط كلمة (الخيل) لو وُجدت,Circle the word (الخيل) if it is found,اگر لفظ (الخیل) موجود ہو تو اس پر دائرہ لگائیں,Varsa (الخيل) kelimesini daire içine al,ئەگەر (الخيل) سۆزى بولسا، ئۇنىڭغا دائىرە سىزىڭ
tpl,tip4il9,كلمات بها (ال) =,Words with (ال) =,(ال) والے الفاظ =,(ال) içeren kelimeler =,(ال) بار سۆزلەر =
tpl,tquyqoy,مضاد (الرحمن) في المعنى:,The word opposite in meaning to (الرحمن):,معنی میں (الرحمن) کی ضد:,(الرحمن) kelimesinin anlamca zıttı:,(الرحمن) نىڭ مەنىدە زىددى:
tpl,tdvffqu,(الرحمن): اسم أم فعل؟,(الرحمن): a noun or a verb?,(الرحمن): اسم ہے یا فعل؟,(الرحمن): isim mi fiil mi?,(الرحمن): ئىسىممۇ ياكى پېئىلمۇ؟
tpl,t1d3n6ry,كلمة تنتهي بحرف (م):,A word ending with the letter (م):,حرف (م) پر ختم ہونے والا لفظ:,(م) harfiyle biten bir kelime:,(م) ھەرپى بىلەن ئاياغلاشقان سۆز:
tpl,t960q3j,الله : _ _ _ _,الله : _ _ _ _,الله : _ _ _ _,الله : _ _ _ _,الله : _ _ _ _
tpl,tqawsiq,حوّط كلمة (الحي) بالآية,Circle the word (الحي) in the ayah,آیت میں لفظ (الحی) پر دائرہ لگائیں,Ayetteki (الحي) kelimesini daire içine al,ئايەتتىكى (الحي) سۆزىگە دائىرە سىزىڭ
tpl,t1f4zsho,هذه الآية اسمها:,This ayah is called:,اس آیت کا نام ہے:,Bu ayetin adı:,بۇ ئايەتنىڭ ئىسمى:
tpl,t1ihgy55,عَذَاب : _ _ _ _,عَذَاب : _ _ _ _,عَذَاب : _ _ _ _,عَذَاب : _ _ _ _,عَذَاب : _ _ _ _
tpl,t1pt4vpu,ما الذي نطلبه في الآية؟,What do we ask for in the ayah?,اس آیت میں ہم کیا مانگتے ہیں؟,Bu ayette ne istiyoruz?,بۇ ئايەتتە بىز نېمىنى تىلەيمىز؟
tpl,t15mqld2,ارسم نارًا واكتب (أعوذ بالله):,Draw a fire and write (أعوذ بالله):,آگ بنائیں اور (أعوذ بالله) لکھیں:,Bir ateş çiz ve (أعوذ بالله) yaz:,بىر ئوت سىزىڭ ۋە (أعوذ بالله) دەپ يېزىڭ:
tpl,tb0p5yn,فصّل: يُكَلِّف =,Break apart: يُكَلِّف =,الگ کریں: يُكَلِّف =,Ayır: يُكَلِّف =,ئايرىڭ: يُكَلِّف =
tpl,t61zqce,(لا) هنا للنفي أم للنهي؟,Is (لا) here for negation or prohibition?,یہاں (لا) نفی کے لیے ہے یا نہی کے لیے؟,Buradaki (لا) olumsuzluk için mi yasaklama için mi?,بۇ يەردىكى (لا) ئىنكار ئۈچۈنمۇ ياكى چەكلەش ئۈچۈنمۇ؟
tpl,t1qp5uuq,رتب الكلمات كما في الآية,Arrange the words as in the ayah,الفاظ کو آیت کے مطابق ترتیب دیں,Kelimeleri ayetteki gibi sırala,سۆزلەرنى ئايەتتىكىدەك تەرتىپلەڭ
tpl,tykm9qm,العُسْر : __ + ___,العُسْر : __ + ___,العُسْر : __ + ___,العُسْر : __ + ___,العُسْر : __ + ___
tpl,t1bhqydy,آخر كلمة في الآية 6:,Last word in ayah 6:,آیت 6 کا آخری لفظ:,6. ayetteki son kelime:,6-ئايەتتىكى ئاخىرقى سۆز:
tpl,tsxyfdu,(فإن): الفاء للـ:,(فإن): the (ف) is for:,(فإن): یہاں (ف) کس لیے ہے:,(فإن): buradaki (ف) neyi ifade eder:,(فإن): بۇ يەردىكى (ف) نېمىنى بىلدۈرىدۇ:
tpl,tzsxxyl,ماذا تقول وقت الصعوبة؟,What do you say in times of difficulty?,مشکل وقت میں آپ کیا کہتے ہیں؟,Zorluk anında ne söylersin?,قىيىنچىلىق ۋاقتىدا نېمە دەيسىز؟
tpl,t1edsncn,ارسم وجهًا سعيدًا مع كلمة (يسر),Draw a happy face with the word (يسر),لفظ (یسر) کے ساتھ خوش چہرہ بنائیں,(يسر) kelimesiyle mutlu bir yüz çiz,(يسر) سۆزى بىلەن خۇشال چىراي سىزىڭ
tpl,t1abexc5,ما جزاء الشكر؟,What is the reward for gratitude?,شکر کا صلہ کیا ہے؟,Şükrün karşılığı nedir?,شۈكۈرنىڭ مۇكاپاتى نېمە؟
tpl,t1evyw6m,من المخاطَب في الآية؟,Who is being addressed in the ayah?,آیت میں کس کو خطاب کیا گیا ہے؟,Ayette kime hitap ediliyor?,ئايەتتە كىمگە خىتاب قىلىنغان؟
tpl,t8tpcgu,ما رقم سورة إبراهيم؟,What is the number of Surah Ibrahim?,سورۃ ابراہیم کا نمبر کیا ہے؟,İbrahim suresinin numarası kaçtır?,سۈرە ئىبراھىمنىڭ نومۇرى نەچچى؟
tpl,t1u2jo8u,بالِغ : _ _ _ _,بالِغ : _ _ _ _,بالِغ : _ _ _ _,بالِغ : _ _ _ _,بالِغ : _ _ _ _
tpl,t1mmiqag,كم اسمًا من أسماء الله في الآية؟,How many names of Allah are in the ayah?,آیت میں اللہ کے کتنے نام ہیں؟,Ayette Allah'ın kaç ismi geçiyor?,ئايەتتە اﷲنىڭ قانچە ئىسمى بار؟
tpl,t59w9ko,ما رقم سورة الطلاق؟,What is the number of Surah At-Talaq?,سورۃ الطلاق کا نمبر کیا ہے؟,Talak suresinin numarası kaçtır?,سۈرە تالاقنىڭ نومۇرى نەچچى؟
tpl,tiklewo,فصّل: الظّاهر =,Break apart: الظّاهر =,الگ کریں: الظّاهر =,Ayır: الظّاهر =,ئايرىڭ: الظّاهر =
tpl,t1k9g3tc,شكّل: الباطِن,Add diacritics: الباطِن,اعراب لگائیں: الباطِن,Harekele: الباطِن,ھەرىكە قويۇڭ: الباطِن
tpl,tgoms7g,الغَيْب : __ + ___,الغَيْب : __ + ___,الغَيْب : __ + ___,الغَيْب : __ + ___,الغَيْب : __ + ___
tpl,t1swefoi,لماذا الله يعلم الغيب؟,Why does Allah know the unseen?,اللہ غیب کیوں جانتا ہے؟,Allah gaybı neden bilir?,اﷲ نېمە ئۈچۈن غەيبنى بىلىدۇ؟
tpl,t1x5d0e5,ملك : __ + __ + __,ملك : __ + __ + __,ملك : __ + __ + __,ملك : __ + __ + __,ملك : __ + __ + __
tpl,t1ac6ilq,أكمل: الـوسـواس الـخـنـ___,Complete: الـوسـواس الـخـنـ___,مکمل کریں: الـوسـواس الـخـنـ___,Tamamla: الـوسـواس الـخـنـ___,تولۇقلاڭ: الـوسـواس الـخـنـ___
tpl,t17qzngo,كيف نحمي أنفسنا من الشيطان؟,How do we protect ourselves from Satan?,ہم شیطان سے اپنی حفاظت کیسے کریں؟,Kendimizi şeytandan nasıl korurus?,بىز ئۆزىمىزنى شەيتاندىن قانداق قوغدايمىز؟
tpl,tb2qnt,آخر (خوف) حرف:,Last letter of (خوف):,(خوف) کا آخری حرف:,(خوف) kelimesinin son harfi:,(خوف) نىڭ ئاخىرقى ھەرپى:
tpl,t18a32z7,لماذا نعبد الله؟,Why do we worship Allah?,ہم اللہ کی عبادت کیوں کرتے ہیں؟,Neden Allah'a ibadet ederiz?,بىز نېمە ئۈچۈن اﷲقا ئىبادەت قىلىمىز؟
tpl,tav0je5,تكرار حرف (ر) في آية ١,How many times does the letter (ر) repeat in ayah 1,آیت ١ میں حرف (ر) کتنی بار آیا,1. ayette (ر) harfi kaç kez tekrarlanıyor,1-ئايەتتە (ر) ھەرپى قانچە قېتىم تەكرارلانغان
tpl,t1adgfw4,عكس كلمة (يعلم),Opposite of the word (يعلم),لفظ (یعلم) کی ضد,(يعلم) kelimesinin zıttı,(يعلم) سۆزىنىڭ زىددى
tpl,t1rpi5z2,ممّ خُلق الإنسان؟,From what was man created?,انسان کس چیز سے پیدا کیا گیا؟,İnsan neden yaratıldı?,ئىنسان نېمىدىن يارىتىلغان؟
tpl,tdfyxl,أكمل: علّم الإنسان ما لم ___,Complete: علّم الإنسان ما لم ___,مکمل کریں: علّم الإنسان ما لم ___,Tamamla: علّم الإنسان ما لم ___,تولۇقلاڭ: علّم الإنسان ما لم ___
tpl,tzqxcaq,تكرار واو الجماعة (وا) =,How many times does the collective (وا) repeat =,جمع والا واو (وا) کتنی بار آیا =,Cemi (وا)'sı kaç kez tekrarlanıyor =,جەمئىي (وا) قانچە قېتىم تەكرارلانغان =
tpl,t6vd2xs,آخر كلمة حرفها الراء:,Last word whose letter is (ر):,آخری لفظ جس کا حرف (ر) ہو:,Harfi (ر) olan son kelime:,ھەرپى (ر) بولغان ئاخىرقى سۆز:
tpl,t1ivypjg,شكّل حرف (ر) في (خسر),Add diacritics to the letter (ر) in (خسر),(خسر) میں حرف (ر) پر اعراب لگائیں,(خسر) içindeki (ر) harfini harekele,(خسر) دىكى (ر) ھەرپىگە ھەرىكە قويۇڭ
tpl,t15gmp29,أعمالهم : __+__+__+__+__+__+__,أعمالهم : __+__+__+__+__+__+__,أعمالهم : __+__+__+__+__+__+__,أعمالهم : __+__+__+__+__+__+__,أعمالهم : __+__+__+__+__+__+__
tpl,t28b9ns,ماذا يحدث للأرض؟,What happens to the earth?,زمین کو کیا ہوتا ہے؟,Yeryüzüne ne olur?,زېمىنغا نېمە بولىدۇ؟
tpl,tti7lyt,تكرار كلمة (ألم) في السورة =,How many times does the word (ألم) repeat in the surah =,سورت میں لفظ (ألم) کتنی بار آیا =,Surede (ألم) kelimesi kaç kez tekrarlanıyor =,سۈرىدە (ألم) سۆزى قانچە قېتىم تەكرارلانغان =
tpl,t1etoj54,أكمل: تـضـلـيـل,Complete: تـضـلـيـل,مکمل کریں: تـضـلـيـل,Tamamla: تـضـلـيـل,تولۇقلاڭ: تـضـلـيـل
tpl,t1n6pium,فـصـلِّ : __ + __ + __,فـصـلِّ : __ + __ + __,فـصـلِّ : __ + __ + __,فـصـلِّ : __ + __ + __,فـصـلِّ : __ + __ + __
tpl,t4dvkxe,شكّل حرف (ر) في (الكوثر),Add diacritics to the letter (ر) in (الكوثر),(الکوثر) میں حرف (ر) پر اعراب لگائیں,(الكوثر) içindeki (ر) harfini harekele,(الكوثر) دىكى (ر) ھەرپىگە ھەرىكە قويۇڭ
tpl,tk237kz,أكمل: هـاويـ___,Complete: هـاويـ___,مکمل کریں: هـاويـ___,Tamamla: هـاويـ___,تولۇقلاڭ: هـاويـ___
tpl,t2xproe,أحد : __ + __ + __,أحد : __ + __ + __,أحد : __ + __ + __,أحد : __ + __ + __,أحد : __ + __ + __
tpl,tyo87rh,ماذا تُعلِّمنا السورة عن الله؟,What does the surah teach us about Allah?,یہ سورت ہمیں اللہ کے بارے میں کیا سکھاتی ہے؟,Bu sure bize Allah hakkında ne öğretiyor?,بۇ سۈرە بىزگە اﷲ توغرىسىدا نېمىنى ئۆگىتىدۇ؟
tpl,to2vtmi,العدل : __ + ___,العدل : __ + ___,العدل : __ + ___,العدل : __ + ___,العدل : __ + ___
tpl,t1fo5nqq,بماذا يأمرنا الله في الآية؟,What does Allah command us in the ayah?,اللہ اس آیت میں ہمیں کس چیز کا حکم دیتا ہے؟,Allah bu ayette bize ne emrediyor?,اﷲ بۇ ئايەتتە بىزگە نېمىنى بۇيرۇيدۇ؟
tpl,tif9ldj,يَجِدْكَ : __ + __ + __ + __ + __,يَجِدْكَ : __ + __ + __ + __ + __,يَجِدْكَ : __ + __ + __ + __ + __,يَجِدْكَ : __ + __ + __ + __ + __,يَجِدْكَ : __ + __ + __ + __ + __
tpl,t1psb280,الْأَشْقَى : __ + __ + __ + __ + __,الْأَشْقَى : __ + __ + __ + __ + __,الْأَشْقَى : __ + __ + __ + __ + __,الْأَشْقَى : __ + __ + __ + __ + __,الْأَشْقَى : __ + __ + __ + __ + __
tpl,t1oh2lhe,ما الذي ينفع الإنسان يوم القيامة بدل ماله؟,What benefits a person on the Day of Judgment instead of his wealth?,قیامت کے دن انسان کے مال کے بجائے کیا چیز اسے فائدہ دے گی؟,Kıyamet gününde insana malı yerine ne fayda verir?,قىيامەت كۈنى ئىنسانغا مېلىنىڭ ئورنىدا نېمە پايدا يەتكۈزىدۇ؟
tpl,t1dd3ixe,من هم أصحاب المشأمة؟,Who are the companions of the left?,اصحاب مشئمہ (بائیں والے) کون ہیں؟,Sol taraf ashabı kimlerdir?,سول تەرەپ ئىگىلىرى كىملەر؟
tpl,twplqqx,ما جزاء أصحاب المشأمة؟,What is the reward of the companions of the left?,اصحاب مشئمہ کا صلہ کیا ہے؟,Sol taraf ashabının karşılığı nedir?,سول تەرەپ ئىگىلىرىنىڭ مۇكاپاتى نېمە؟
tpl,tandizk,لماذا سُمّي يونس عليه السلام بـ(ذي النون)؟,Why was Yunus (peace be upon him) called (ذي النون)?,یونس علیہ السلام کو (ذی النون) کیوں کہا گیا؟,Yunus (a.s.) neden (ذي النون) diye adlandırıldı?,يۇنۇس ئەلەيھىسسالام نېمە ئۈچۈن (ذي النون) دەپ ئاتالغان؟
tpl,t1ltlplk,من أي سورة هاتان الآيتان؟,From which surah are these two ayahs?,یہ دونوں آیات کس سورت سے ہیں؟,Bu iki ayet hangi sureden?,بۇ ئىككى ئايەت قايسى سۈرىدىن؟
tpl,tia5f04,بم وصف يونس نفسه في دعائه؟,How did Yunus describe himself in his supplication?,یونس نے اپنی دعا میں اپنے آپ کو کیسے بیان کیا؟,"Yunus, duasında kendini nasıl tanımladı?",يۇنۇس دۇئاسىدا ئۆزىنى قانداق تەسۋىرلىگەن؟
tpl,t83ynjc,بم تعدل ليلة القدر في الفضل؟,What does Laylat al-Qadr equal in virtue?,لیلۃ القدر فضیلت میں کس کے برابر ہے؟,Kadir Gecesi fazilette neye denktir?,قەدر كېچىسى پەزىلەتتە نېمىگە تەڭ؟
tpl,t97w8mn,هُمَزَةٍ : __ + __ + __ + __,هُمَزَةٍ : __ + __ + __ + __,هُمَزَةٍ : __ + __ + __ + __,هُمَزَةٍ : __ + __ + __ + __,هُمَزَةٍ : __ + __ + __ + __
tpl,tmcl2fd,صف الحطمة كما وصفتها السورة:,Describe al-Hutamah as the surah described it:,الحطمہ کو بیان کریں جیسا سورت نے بیان کیا:,Hutame'yi surenin anlattığı gibi tarif et:,سۈرىدە بايان قىلىنغاندەك ھۇتەمەنى تەسۋىرلەڭ:
tpl,t1f1q142,من هو المكذّب بالدين كما وصفته السورة؟,"Who denies the religion, as the surah described him?",دین کو جھٹلانے والا کون ہے جیسا سورت نے بیان کیا؟,Surenin tarif ettiği gibi dini yalanlayan kimdir?,سۈرىدە تەسۋىرلەنگەندەك دىننى ئىنكار قىلغۇچى كىم؟
tpl,t1yvtomp,النَّجْمُ : __ + __ + __ + __ + __,النَّجْمُ : __ + __ + __ + __ + __,النَّجْمُ : __ + __ + __ + __ + __,النَّجْمُ : __ + __ + __ + __ + __,النَّجْمُ : __ + __ + __ + __ + __
tpl,toxl0z6,ما معنى قول الله: (إنه على رجعه لقادر)؟,What is the meaning of Allah's saying: (إنه على رجعه لقادر)?,اللہ کے قول (إنه على رجعه لقادر) کا کیا مطلب ہے؟,Allah'ın (إنه على رجعه لقادر) sözünün anlamı nedir?,اﷲنىڭ (إنه على رجعه لقادر) دېگەن سۆزىنىڭ مەنىسى نېمە؟
tpl,t1kl8gr0,من هم الحفظة المذكورون في السورة؟,Who are the guardians mentioned in the surah?,اس سورت میں مذکور نگہبان فرشتے کون ہیں؟,Surede bahsedilen koruyucu melekler kimlerdir?,سۈرىدە تىلغا ئېلىنغان مۇھاپىزەتچى پەرىشتىلەر كىملەر؟
tpl,ti25187,أول كلمة في الآية؟,First word in the ayah?,آیت کا پہلا لفظ؟,Ayetteki ilk kelime nedir?,ئايەتتىكى بىرىنچى سۆز؟
tpl,t441mj3,كم كوكبًا رأى يوسف في رؤياه؟,How many stars did Yusuf see in his dream?,یوسف نے اپنے خواب میں کتنے ستارے دیکھے؟,"Yusuf, rüyasında kaç yıldız gördü?",يۇسۇف چۈشىدە قانچە يۇلتۇز كۆرگەن؟
tpl,tz87bn3,ماذا نتعلم من كتمان يوسف لرؤياه عن إخوته؟,What do we learn from Yusuf concealing his dream from his brothers?,یوسف کا اپنے بھائیوں سے خواب چھپانا ہمیں کیا سکھاتا ہے؟,Yusuf'un rüyasını kardeşlerinden gizlemesinden ne öğreniyoruz?,يۇسۇفنىڭ چۈشىنى قېرىنداشلىرىدىن يوشۇرغانلىقىدىن نېمە ئۆگىنىمىز؟
tpl,tup9uv,من التي أوحى الله إليها في هذه الآية؟,Who did Allah inspire in this ayah?,اللہ نے اس آیت میں کس عورت کی طرف وحی کی؟,Allah bu ayette kime ilham etti?,اﷲ بۇ ئايەتتە كىمگە ۋەھىي قىلغان؟
tpl,t1x9jc7u,ما الدرس المستفاد من ثقة أم موسى بالله؟,What lesson do we learn from the trust of Musa's mother in Allah?,موسیٰ کی ماں کے اللہ پر بھروسے سے کیا سبق ملتا ہے؟,Musa'nın annesinin Allah'a güveninden ne ders alırız?,مۇسانىڭ ئانىسىنىڭ اﷲقا بولغان ئىشەنچىدىن قانداق ساۋاق ئالىمىز؟
tpl,txn5pic,(كلا) في الآية ١٧: اسم أم حرف؟,(كلا) in ayah 17: a noun or a letter?,آیت ١٧ میں (کلا): اسم ہے یا حرف؟,17. ayetteki (كلا): isim mi harf mi?,17-ئايەتتىكى (كلا): ئىسىممۇ ياكى ھەرپمۇ؟
tpl,t6e3tuo,ما الفرق بين موقف الإنسان من الغنى وموقفه من الفقر كما وصفت السورة؟,"What is the difference between a person's attitude toward wealth and toward poverty, as the surah describes?",سورت کے بیان کے مطابق، دولت اور غربت کے بارے میں انسان کے رویے میں کیا فرق ہے؟,"Surenin anlattığına göre, insanın zenginlik ve fakirlik karşısındaki tutumu arasındaki fark nedir?",سۈرىدە بايان قىلىنغاندەك، ئىنساننىڭ باي-كەمبەغەللىككە بولغان مۇئامىلىسىدىكى پەرق نېمە؟
tpl,tzxrqp0,ما هو (الدرّي) في وصف الكوكب؟,What is (الدرّي) in the description of the star?,ستارے کی صفت میں (الدری) کیا ہے؟,Yıldızın vasfındaki (الدرّي) nedir?,يۇلتۇزنى تەسۋىرلەشتىكى (الدرّي) نېمە؟
tpl,ty2hxsj,من الذي يهديه الله لنوره؟,Who does Allah guide to His light?,اللہ اپنے نور کی طرف کسے ہدایت دیتا ہے؟,Allah kimi nuruna hidayet eder?,اﷲ كىمنى نۇرىغا ھىدايەت قىلىدۇ؟
tpl,t1gz046x,رَشَدًا : __ + __ + __ + __ + __,رَشَدًا : __ + __ + __ + __ + __,رَشَدًا : __ + __ + __ + __ + __,رَشَدًا : __ + __ + __ + __ + __,رَشَدًا : __ + __ + __ + __ + __
tpl,tznlbba,كم سنة ناموا في الكهف؟,How many years did they sleep in the cave?,وہ غار میں کتنے سال سوئے؟,Mağarada kaç yıl uyudular?,ئۇلار غاردا قانچە يىل ئۇخلىغان؟
tpl,trh4flz,خَلِيفَةً : __ + __ + __ + __ + __ + __,خَلِيفَةً : __ + __ + __ + __ + __ + __,خَلِيفَةً : __ + __ + __ + __ + __ + __,خَلِيفَةً : __ + __ + __ + __ + __ + __,خَلِيفَةً : __ + __ + __ + __ + __ + __
tpl,tk48f6w,ماذا علّم الله آدم عليه السلام؟,What did Allah teach Adam (peace be upon him)?,اللہ نے آدم علیہ السلام کو کیا سکھایا؟,"Allah, Âdem'e (a.s.) ne öğretti?",اﷲ ئادەم ئەلەيھىسسالامغا نېمىنى ئۆگەتكەن؟
tpl,tyao2dm,من الذي خاطب الملائكة في بداية القصة؟,Who addressed the angels at the beginning of the story?,قصے کے آغاز میں فرشتوں سے کس نے خطاب کیا؟,Kıssanın başında meleklere kim hitap etti?,قىسسىنىڭ بېشىدا پەرىشتىلەرگە كىم خىتاب قىلغان؟
tpl,te8q8cf,لماذا كسّر إبراهيم عليه السلام الأصنام؟,Why did Ibrahim (peace be upon him) break the idols?,ابراہیم علیہ السلام نے بت کیوں توڑے؟,İbrahim (a.s.) putları neden kırdı?,ئىبراھىم ئەلەيھىسسالام نېمە ئۈچۈن بۇتلارنى چېقىۋەتكەن؟
tpl,tkjsnec,من الذي أنقذ إبراهيم من النار؟,Who saved Ibrahim from the fire?,ابراہیم کو آگ سے کس نے بچایا؟,İbrahim'i ateşten kim kurtardı?,ئىبراھىمنى ئوتتىن كىم قۇتقۇزغان؟
tpl,tntvgmk,لماذا تفقّد سليمان عليه السلام الطير؟,Why did Sulayman (peace be upon him) inspect the birds?,سلیمان علیہ السلام نے پرندوں کا جائزہ کیوں لیا؟,Süleyman (a.s.) kuşları neden yokladı?,سۇلايمان ئەلەيھىسسالام نېمە ئۈچۈن قۇشلارنى تەكشۈرگەن؟
tpl,tuaqryp,من الذي أرسل سليمان يتفقّد أمره؟,Who did Sulayman send to check on his matter?,سلیمان نے کس کو معاملے کا جائزہ لینے بھیجا؟,"Süleyman, durumunu kontrol etmesi için kimi gönderdi?",سۇلايمان ئىشىنى تەكشۈرۈشكە كىمنى ئەۋەتكەن؟
tpl,tdhqv1z,كيف اختبر طالوت جنوده عند النهر؟,How did Talut test his soldiers at the river?,طالوت نے دریا کے پاس اپنے سپاہیوں کو کیسے آزمایا؟,"Talut, askerlerini nehir kenarında nasıl sınadı?",تالۇت لەشكەرلىرىنى دەريا بويىدا قانداق سىنىغان؟
tpl,tro15eq,الكلمة رقم (٣) في الآيتين =,Word number (3) in the two ayahs =,دونوں آیات میں لفظ نمبر (٣) =,İki ayetteki (3) numaralı kelime =,ئىككى ئايەتتىكى (3)-سۆز =
tpl,t6xe252,بم وصف أيوب عليه السلام حاله في دعائه؟,How did Ayyub (peace be upon him) describe his condition in his supplication?,ایوب علیہ السلام نے اپنی دعا میں اپنی حالت کیسے بیان کی؟,"Eyyüb (a.s.), duasında durumunu nasıl anlattı?",ئەييۇب ئەلەيھىسسالام دۇئاسىدا ئەھۋالىنى قانداق تەسۋىرلىگەن؟
tpl,toic8nm,يَحْيَىٰ : __ + __ + __ + __,يَحْيَىٰ : __ + __ + __ + __,يَحْيَىٰ : __ + __ + __ + __,يَحْيَىٰ : __ + __ + __ + __,يَحْيَىٰ : __ + __ + __ + __
tpl,tgkkzj3,لماذا خاف زكريا على أمر قومه من بعده؟,Why did Zakariyya fear for the affairs of his people after him?,زکریا کو اپنے بعد اپنی قوم کے معاملے کا خوف کیوں تھا؟,"Zekeriya, kendinden sonra kavminin durumundan neden korktu?",زەكەرىييا ئۆزىدىن كېيىنكى قەۋمىنىڭ ئىشلىرىدىن نېمە ئۈچۈن قورققان؟
tpl,to0qu7s,أَزْوَاجًا : __ + __ + __ + __ + __ + __,أَزْوَاجًا : __ + __ + __ + __ + __ + __,أَزْوَاجًا : __ + __ + __ + __ + __ + __,أَزْوَاجًا : __ + __ + __ + __ + __ + __,أَزْوَاجًا : __ + __ + __ + __ + __ + __
tpl,te2fgt8,صف جزاء الطاغين كما وصفته السورة,Describe the reward of the transgressors as the surah described it,طاغیوں کا صلہ بیان کریں جیسا سورت نے بیان کیا,Azgınların cezasını surenin anlattığı gibi tarif et,سۈرىدە تەسۋىرلەنگەندەك ئاسىيلارنىڭ جازاسىنى تەسۋىرلەڭ
tpl,tedhaqt,خَاشِعَةٌ : __ + __ + __ + __ + __ + __,خَاشِعَةٌ : __ + __ + __ + __ + __ + __,خَاشِعَةٌ : __ + __ + __ + __ + __ + __,خَاشِعَةٌ : __ + __ + __ + __ + __ + __,خَاشِعَةٌ : __ + __ + __ + __ + __ + __
tpl,t178ozjk,اذكر آيتين تدلان على قدرة الله في خلق السماء والأرض,Mention two ayahs that show Allah's power in creating the heaven and earth,دو آیات بیان کریں جو آسمان و زمین کی تخلیق میں اللہ کی قدرت پر دلالت کرتی ہیں,Allah'ın gökleri ve yeri yaratmadaki gücünü gösteren iki ayet zikret,اﷲنىڭ ئاسمان-زېمىننى يارىتىشتىكى قۇدرىتىنى كۆرسىتىدىغان ئىككى ئايەتنى ئېيتىڭ
tpl,t19lfdoa,صَبًّا : __ + __ + __ + __,صَبًّا : __ + __ + __ + __,صَبًّا : __ + __ + __ + __,صَبًّا : __ + __ + __ + __,صَبًّا : __ + __ + __ + __
tpl,t1u4mrx2,اذكر نعمتين من نعم الله في الطعام كما وصفت السورة,Mention two blessings of Allah in food as the surah described,سورت کے بیان کے مطابق کھانے میں اللہ کی دو نعمتیں بیان کریں,Surenin anlattığı gibi yiyecekteki iki Allah nimetini zikret,سۈرىدە بايان قىلىنغاندەك، تاماقتىكى ئىككى ئىلاھىي نېمەتنى ئېيتىڭ
tpl,tt2i8g2,وَيْلٌ : __ + __ + __ + __,وَيْلٌ : __ + __ + __ + __,وَيْلٌ : __ + __ + __ + __,وَيْلٌ : __ + __ + __ + __,وَيْلٌ : __ + __ + __ + __
tpl,t1pd1m03,صف مصير الفجّار كما وصفته السورة,Describe the fate of the wicked as the surah described it,فاجروں کا انجام بیان کریں جیسا سورت نے بیان کیا,Facirlerin akıbetini surenin anlattığı gibi tarif et,سۈرىدە تەسۋىرلەنگەندەك پاجىرلارنىڭ ئاقىۋىتىنى تەسۋىرلەڭ
tpl,tcy1jl4,ماذا يحدث للسماء والأرض في هذه السورة؟,What happens to the heaven and earth in this surah?,اس سورت میں آسمان اور زمین کو کیا ہوتا ہے؟,Bu surede göklere ve yere ne olur?,بۇ سۈرىدە ئاسمان-زېمىنغا نېمە بولىدۇ؟
tpl,t1h2wx3b,لماذا لا يسجد الكافرون عند سماع القرآن؟,Why don't the disbelievers prostrate when they hear the Quran?,کافر قرآن سن کر سجدہ کیوں نہیں کرتے؟,Kâfirler Kur'an'ı duyunca neden secde etmezler?,كاپىرلار قۇرئاننى ئاڭلىغاندا نېمە ئۈچۈن سەجدە قىلمايدۇ؟
tpl,t1rwb2ae,بم وصف الله نفسه بعد ذكر أصحاب الأخدود؟,How did Allah describe Himself after mentioning the companions of the trench?,اصحاب الاخدود کے ذکر کے بعد اللہ نے اپنے آپ کو کیسے بیان کیا؟,"Allah, hendek ashabından bahsettikten sonra kendini nasıl tanımladı?",اﷲ ئۆرك ئىگىلىرىنى تىلغا ئالغاندىن كېيىن ئۆزىنى قانداق تەسۋىرلىگەن؟
tpl,t1t0otea,لماذا لا يخاف المؤمن من بطش الظالمين؟,Why doesn't the believer fear the tyranny of the oppressors?,مومن ظالموں کی سختی سے کیوں نہیں ڈرتا؟,"Mümin, zalimlerin şiddetinden neden korkmaz?",مۆمىن زالىملارنىڭ زۇلمىدىن نېمە ئۈچۈن قورقمايدۇ؟
tpl,tdxva2b,لماذا يُفضّل الناس الحياة الدنيا على الآخرة؟,Why do people prefer worldly life over the Hereafter?,لوگ دنیا کی زندگی کو آخرت پر کیوں ترجیح دیتے ہیں؟,İnsanlar dünya hayatını ahirete neden tercih ediyor?,كىشىلەر نېمە ئۈچۈن دۇنيا تىرىكچىلىكىنى ئاخىرەتتىن ئارتۇق كۆرىدۇ؟
tpl,t159mixq,ما صفات من أفلح كما وصفتها السورة؟,"What are the qualities of the successful, as the surah described?",کامیاب لوگوں کی صفات کیا ہیں جیسا سورت نے بیان کیا؟,Surenin anlattığı gibi kurtuluşa erenlerin nitelikleri nelerdir?,سۈرىدە بايان قىلىنغاندەك، مۇۋەپپەقىيەت قازانغانلارنىڭ سۈپەتلىرى نېمە؟
tpl,t19siru3,بم أمر الله نبيه بعد الفراغ من العمل؟,What did Allah command His Prophet after finishing the work?,اللہ نے اپنے نبی کو کام سے فارغ ہونے کے بعد کیا حکم دیا؟,"Allah, işini bitirdikten sonra Peygamberine ne emretti?",اﷲ پەيغەمبىرىگە ئىشتىن پارىغ بولغاندىن كېيىن نېمىگە بۇيرۇغان؟
tpl,t14crswo,فلق : __ + __ + __,فلق: __ + __ + __,فلق: __ + __ + __,فلق: __ + __ + __,فلق: __ + __ + __
tpl,tjkw7l7,ممن نستعيذ في السورة؟,From whom do we seek refuge in this surah?,اس سورت میں ہم کس سے پناہ مانگتے ہیں؟,Bu surede kimden sığınırız?,بۇ سۈرىدە بىز كىمدىن پاناھ تىلەيمىز؟
tpl,tp47opy,عدد المرات التي ورد فيها (مَنْ),Number of times (مَنْ) appears,لفظ (مَنْ) کتنی مرتبہ آیا ہے,(مَنْ) kaç kez geçiyor?,(مَنْ) نەچچە قېتىم كەلگەن؟
tpl,tiypskr,عدد الأقسام في أول السورة,Number of oaths at the start of the surah,سورت کے شروع میں قسموں کی تعداد,Surenin başındaki yeminlerin sayısı,سۈرىنىڭ بېشىدىكى قەسەملەرنىڭ سانى
tpl,tqdf8p,كلمة بها (ف) مكررة,A word containing a repeated (ف),وہ لفظ جس میں (ف) دہرایا گیا ہو,İçinde (ف) harfi tekrar eden bir kelime,ئىچىدە (ف) ھەرپى تەكرارلانغان سۆز
tpl,ts9i5vv,جمع كلمة (نفس),Plural of the word (نفس),لفظ (نفس) کی جمع,(نفس) kelimesinin çoğulu,(نفس) سۆزىنىڭ كۆپلۈكى
tpl,t1h6csns,ما هي المعجزة المذكورة؟,What is the miracle mentioned?,مذکورہ معجزہ کیا ہے؟,Bahsedilen mucize nedir?,تىلغا ئېلىنغان مۆجىزە نېمە؟
tpl,tjv8xx0,من هو «أشقاها»؟,Who is «أشقاها» (the most wretched)?,«أشقاها» (سب سے بدبخت) کون ہے؟,«أشقاها» (en bedbaht olan) kimdir?,«أشقاها» (ئەڭ بەختسىز كىشى) كىم؟
tpl,tk0a06u,تكرار لفظ الجلالة (الله),Repetition of the name (الله),لفظ (الله) کی تکرار,(الله) isminin tekrarı,(الله) ئىسمىنىڭ تەكرارلىنىشى
tpl,t1mc4afn,كم آية تنتهي بـ (ـين)؟,How many ayahs end with (ـين)?,کتنی آیات (ـين) پر ختم ہوتی ہیں؟,Kaç ayet (ـين) ile bitiyor?,نەچچە ئايەت (ـين) بىلەن ئاخىرلىشىدۇ؟
tpl,t1nd0jmc,جمع (البلد),Plural of (البلد),(البلد) کی جمع,(البلد) kelimesinin çoğulu,(البلد) نىڭ كۆپلۈكى
tpl,t1jp319y,ما صفة الأجر للمؤمنين؟,What is the description of the reward for the believers?,مومنوں کے اجر کی صفت کیا ہے؟,Müminlerin mükâfatının niteliği nedir?,مۆمىنلەرنىڭ ئەجرىنىڭ سۈپىتى قانداق؟
tpl,t1s8hxmu,ماذا نقول بعد (أليس الله..)؟,What do we say after (أليس الله..)?,(أليس الله..) کے بعد ہم کیا کہتے ہیں؟,(أليس الله..) ifadesinden sonra ne deriz?,(أليس الله..) دىن كېيىن نېمە دەيمىز؟
tpl,t1qv2u8y,انكدرت : __+__+__+__+__+__,انكدرت: __+__+__+__+__+__,انكدرت: __+__+__+__+__+__,انكدرت: __+__+__+__+__+__,انكدرت: __+__+__+__+__+__
tpl,trws826,حوّط كلمة (الليل) في السورة,Circle the word (الليل) in the surah,سورت میں لفظ (الليل) پر دائرہ لگائیں,Surede (الليل) kelimesinin etrafına daire çizin,سۈرىدىكى (الليل) سۆزىنى چەمبەرلەڭ
tpl,t1o1fcyn,شكّل كلمة (عَسْعَس),Add vowel marks to the word (عَسْعَس),لفظ (عَسْعَس) پر اعراب لگائیں,(عَسْعَس) kelimesine hareke koyun,(عَسْعَس) سۆزىگە ھەرىكە قويۇڭ
tpl,t6ij0ro,وصف النار في آية ٤,Description of the Fire in ayah 4,آیت ۴ میں آگ کی صفت,4. ayette ateşin tasviri,4-ئايەتتىكى دوزاخنىڭ سۈپىتى
tpl,t15qotew,استخرج فعلًا مضارعًا,Find a present-tense verb,ایک فعل مضارع تلاش کریں,Bir şimdiki zaman fiili bulun,بىر ھازىرقى زامان پېئىلىنى تېپىڭ
tpl,t1g587ri,خَاشِعَةٌ : __ + __ + __ + __ + __,خَاشِعَةٌ: __ + __ + __ + __ + __,خَاشِعَةٌ: __ + __ + __ + __ + __,خَاشِعَةٌ: __ + __ + __ + __ + __,خَاشِعَةٌ: __ + __ + __ + __ + __
tpl,tbfz0vn,موجود بآية ١٢ (عين ...),Found in ayah 12 (عين ...),آیت ۱۲ میں موجود (عين ...),12. ayette bulunan (عين ...),12-ئايەتتە بار (عين ...)
tpl,t1pipy5u,اذكر ٣ نعم في الجنة,Mention 3 blessings in Paradise,جنت کی ۳ نعمتیں بیان کریں,Cennetteki 3 nimeti sayın,جەننەتتىكى 3 نېمەتنى ئېيتىڭ
tpl,t1d2w0wo,كيف سُطحت (الأرض)؟,How was (الأرض) spread out?,(الأرض) کیسے بچھائی گئی؟,(الأرض) nasıl yayıldı?,(الأرض) قانداق يېيىلغان؟
tpl,t1vk1efi,على من يقع الحساب؟,Upon whom does the reckoning fall?,حساب کس پر ہوگا؟,Hesap kimin üzerine düşer?,ھېساب كىمنىڭ ئۈستىگە چۈشىدۇ؟
tpl,tvtap8c,بم توعّد الله الوجوه الخاشعة، وبم وعد الوجوه الناعمة؟,"What did Allah threaten the humbled faces with, and what did He promise the radiant faces?",اللہ نے جھکے ہوئے چہروں کو کس چیز کی وعید دی، اور تر و تازہ چہروں سے کیا وعدہ کیا؟,"Allah, boyun eğmiş yüzleri neyle tehdit etti, parlak yüzlere ise ne vaat etti?",ئاللاھ باش ئەگكەن چىراقلارنى نېمە بىلەن ئاگاھلاندۇردى، پارلاق چىراقلارغا نېمىنى ۋەدە قىلدى؟
tpl,t1wh6mj9,أكمل: حـمَّـالـ___,Complete: حـمَّـالـ___,مکمل کریں: حـمَّـالـ___,Tamamla: حـمَّـالـ___,تولۇقلاڭ: حـمَّـالـ___
tpl,tbujmbg,ما اسم زوجة أبي لهب؟,What is the name of Abu Lahab's wife?,ابولہب کی بیوی کا نام کیا ہے؟,Ebu Leheb'in eşinin adı nedir?,ئەبۇ لەھەبنىڭ ئايالىنىڭ ئىسمى نېمە؟
tpl,ttbrr04,مفرد (كافرون) ←,Singular of (كافرون) ←,(كافرون) کا واحد ←,(كافرون) kelimesinin tekili ←,(كافرون) نىڭ بىرلىكى ←
tpl,t17qz1u0,كم مرة تكرر (ولا أنتم)؟,How many times is (ولا أنتم) repeated?,(ولا أنتم) کتنی بار دہرایا گیا؟,(ولا أنتم) kaç kez tekrarlanıyor?,(ولا أنتم) نەچچە قېتىم تەكرارلانغان؟
tpl,to8xmlg,مفرد كلمة (أفواج) ←,Singular of the word (أفواج) ←,لفظ (أفواج) کا واحد ←,(أفواج) kelimesinin tekili ←,(أفواج) سۆزىنىڭ بىرلىكى ←
tpl,t1oi6tdp,ماذا نفعل عند الفوز؟,What do we do upon success?,کامیابی کے وقت ہم کیا کرتے ہیں؟,Başarı anında ne yaparız?,غەلىبە قىلغاندا نېمە قىلىمىز؟
tpl,tf7nl4d,أول حرف في كلمة (ألهاكم):,First letter in the word (ألهاكم):,لفظ (ألهاكم) کا پہلا حرف:,(ألهاكم) kelimesinin ilk harfi:,(ألهاكم) سۆزىنىڭ بىرىنچى ھەرپى:
tpl,tzyjg8s,ما معنى التكاثر؟,What does التكاثر (rivalry in increase) mean?,التكاثر کا کیا معنی ہے؟,التكاثر ne anlama gelir?,التكاثر نېمە مەنىنى بىلدۈرىدۇ؟
tpl,t424wqk,حرف (ص) تكرر كم مرة؟ =,How many times is the letter (ص) repeated? =,حرف (ص) کتنی بار دہرایا گیا؟ =,(ص) harfi kaç kez tekrarlanıyor? =,(ص) ھەرپى نەچچە قېتىم تەكرارلانغان؟ =
tpl,t156rnoa,من هو (رسول من الله)؟,Who is (a messenger from Allah)?,(اللہ کی طرف سے رسول) کون ہے؟,(Allah'tan bir elçi) kimdir?,(ئاللاھ تەرىپىدىن ئەۋەتىلگەن ئەلچى) كىم؟
tpl,tnwczx1,المغيرات : __+__+__+__+__+__+__,المغيرات: __+__+__+__+__+__+__,المغيرات: __+__+__+__+__+__+__,المغيرات: __+__+__+__+__+__+__,المغيرات: __+__+__+__+__+__+__
tpl,tvaksgw,ما هي العاديات؟,What are العاديات (the racing chargers)?,العاديات کیا ہیں؟,العاديات nedir?,العاديات دېگەن نېمە؟
tpl,t1rjzhk8,الرَّحمن : __ + ___,الرَّحمن: __ + ___,الرَّحمن: __ + ___,الرَّحمن: __ + ___,الرَّحمن: __ + ___
tpl,tjckq88,(بسم) حرف الجر فيها:,The preposition in (بسم):,(بسم) میں حرفِ جر:,(بسم) içindeki edat:,(بسم) دىكى كۆمەكچى ھەرپ:
tpl,tugni5g,متى نقول البسملة؟,When do we say the basmalah?,ہم بسملہ کب کہتے ہیں؟,Besmeleyi ne zaman söyleriz?,بىز بەسمەلىنى قاچان ئوقۇيمىز؟
tpl,tkuicis,كم مرة تقرأ البسملة في اليوم؟,How many times is the basmalah recited in a day?,بسملہ دن میں کتنی بار پڑھی جاتی ہے؟,Besmele günde kaç kez okunur?,بەسمەلە كۈندە نەچچە قېتىم ئوقۇلىدۇ؟
tpl,txur8a7,الحَيّ : __ + __,الحَيّ: __ + __,الحَيّ: __ + __,الحَيّ: __ + __,الحَيّ: __ + __
tpl,t16j9f94,فصّل: الحَيّ =,Break down: الحَيّ =,تجزیہ کریں: الحَيّ =,Ayrıştır: الحَيّ =,پارچىلاڭ: الحَيّ =
tpl,t1p73l21,شكّل: الحي,Add vowel marks: الحي,اعراب لگائیں: الحي,Hareke koy: الحي,ھەرىكە قويۇڭ: الحي
tpl,t1yz3x2y,هذه الآية نوعها:,The type of this ayah:,اس آیت کی قسم:,Bu ayetin türü:,بۇ ئايەتنىڭ تۈرى:
tpl,t1qcb2es,متى تقرأ هذه الآية؟,When is this ayah recited?,یہ آیت کب پڑھی جاتی ہے؟,Bu ayet ne zaman okunur?,بۇ ئايەت قاچان ئوقۇلىدۇ؟
tpl,t1d02wr5,عدد آيات سورة البقرة:,Number of ayahs in Surah Al-Baqarah:,سورۃ البقرہ کی آیات کی تعداد:,Bakara Suresi'nin ayet sayısı:,سۈرە بەقەرەنىڭ ئايەت سانى:
tpl,t1s3g1z,فصّل: نَفْسًا =,Break down: نَفْسًا =,تجزیہ کریں: نَفْسًا =,Ayrıştır: نَفْسًا =,پارچىلاڭ: نَفْسًا =
tpl,t1voqn1a,ضمير (ها) في (وسعها) يعود على:,The pronoun (ها) in (وسعها) refers to:,(وسعها) میں ضمیر (ها) کس کی طرف لوٹتی ہے:,(وسعها) içindeki (ها) zamiri neye işaret eder:,(وسعها) دىكى (ها) ئالماشلىقى نېمىگە قايتىدۇ:
tpl,trwx16q,هل الله ظالم؟ استدل بالآية:,Is Allah unjust? Support your answer with the ayah:,کیا اللہ ظالم ہے؟ آیت سے دلیل دیں:,Allah zalim midir? Ayetle delillendir:,ئاللاھ زالىممۇ؟ ئايەت بىلەن ئىسپاتلاڭ:
tpl,t1qppcg6,يُسْرًا : _ _ _ _,يُسْرًا: _ _ _ _,يُسْرًا: _ _ _ _,يُسْرًا: _ _ _ _,يُسْرًا: _ _ _ _
tpl,tt2vxua,حوّط كلمة (العسر) في الآيتين,Circle the word (العسر) in the two ayahs,دونوں آیات میں لفظ (العسر) پر دائرہ لگائیں,İki ayette (العسر) kelimesinin etrafına daire çizin,ئىككى ئايەتتىكى (العسر) سۆزىنى چەمبەرلەڭ
tpl,t1nfk3s0,كم مرة تكررت الآية؟,How many times is the ayah repeated?,یہ آیت کتنی بار دہرائی گئی؟,Ayet kaç kez tekrarlanıyor?,ئايەت نەچچە قېتىم تەكرارلانغان؟
tpl,tun581x,شكّل: العسر,Add vowel marks: العسر,اعراب لگائیں: العسر,Hareke koy: العسر,ھەرىكە قويۇڭ: العسر
tpl,tbfam6f,خاتمة الآية 6 بكلمة:,Ayah 6 ends with the word:,آیت ۶ کس لفظ پر ختم ہوتی ہے:,6. ayet hangi kelimeyle bitiyor:,6-ئايەت قايسى سۆز بىلەن ئاخىرلىشىدۇ:
tpl,t1aekvo0,ما جزاء الكفر؟,What is the punishment for disbelief?,کفر کی سزا کیا ہے؟,Küfrün cezası nedir?,كۇفرىنىڭ جازاسى نېمە؟
tpl,tzx7b1k,اذكر 3 نعم شكرت الله عليها:,Mention 3 blessings you thanked Allah for:,۳ نعمتیں بیان کریں جن پر آپ نے اللہ کا شکر ادا کیا:,Allah'a şükrettiğiniz 3 nimeti sayın:,ئاللاھقا شۈكۈر قىلغان 3 نېمەتنى ئېيتىڭ:
tpl,tq68w2o,ما الدرس المستفاد؟,What is the lesson learned?,اس سے کیا سبق ملتا ہے؟,Alınacak ders nedir?,بۇنىڭدىن قانداق ئىبرەت ئالىمىز؟
tpl,t14gm2xp,فصّل: يَتَوَكَّل =,Break down: يَتَوَكَّل =,تجزیہ کریں: يَتَوَكَّل =,Ayrıştır: يَتَوَكَّل =,پارچىلاڭ: يَتَوَكَّل =
tpl,t1jo59kj,ماذا نقول عند الخوف؟,What do we say when afraid?,خوف کے وقت ہم کیا کہتے ہیں؟,Korktuğumuzda ne deriz?,قورققاندا نېمە دەيمىز؟
tpl,tkh336i,ارسم قلبًا كبيرًا وداخله كلمة (التوكل),Draw a big heart with the word (التوكل) inside it,ایک بڑا دل بنائیں اور اس کے اندر لفظ (التوكل) لکھیں,Büyük bir kalp çiz ve içine (التوكل) kelimesini yaz,چوڭ بىر يۈرەك سىزىڭ ۋە ئىچىگە (التوكل) سۆزىنى يېزىڭ
tpl,t1bw07cu,فصّل: الباطن =,Break down: الباطن =,تجزیہ کریں: الباطن =,Ayrıştır: الباطن =,پارچىلاڭ: الباطن =
tpl,t1q27o1b,الأسماء الأربعة في الآية:,The four names in the ayah:,آیت میں چار نام:,Ayetteki dört isim:,ئايەتتىكى تۆت ئىسىم:
tpl,tsep6rp,الشَّهادة : __ + _____,الشَّهادة: __ + _____,الشَّهادة: __ + _____,الشَّهادة: __ + _____,الشَّهادة: __ + _____
tpl,tun569y,شكّل: الغيب,Add vowel marks: الغيب,اعراب لگائیں: الغيب,Hareke koy: الغيب,ھەرىكە قويۇڭ: الغيب
tpl,t69s4by,الناس : __ + __ + __ + __ + __,الناس: __ + __ + __ + __ + __,الناس: __ + __ + __ + __ + __,الناس: __ + __ + __ + __ + __,الناس: __ + __ + __ + __ + __
tpl,tdrh889,ارسم (قلب) يعيش فيه ذكر الله,Draw a (heart) in which the remembrance of Allah lives,ایک (دل) بنائیں جس میں ذکرِ الٰہی بستا ہو,İçinde Allah'ın zikri yaşayan bir (kalp) çiz,ئىچىدە ئاللاھنى زىكرى قىلىش ياشايدىغان بىر (يۈرەك) سىزىڭ
tpl,t3qrtub,خاتمة السورة بكلمة:,The surah ends with the word:,سورت کس لفظ پر ختم ہوتی ہے:,Sure hangi kelimeyle bitiyor:,سۈرە قايسى سۆز بىلەن ئاخىرلىشىدۇ:
tpl,t1jr9g4x,أكمل: إيـلافـهـم,Complete: إيـلافـهـم,مکمل کریں: إيـلافـهـم,Tamamla: إيـلافـهـم,تولۇقلاڭ: إيـلافـهـم
tpl,t2z14dq,ما الفصول المذكورة بالسورة؟,What seasons/journeys are mentioned in the surah?,سورت میں کون سے موسم/سفر مذکور ہیں؟,Surede bahsedilen mevsimler/yolculuklar nelerdir?,سۈرىدە تىلغا ئېلىنغان پەسىللەر/سەپەرلەر قايسىلار؟
tpl,t1g91xc8,رقم آية السجدة,Number of the prostration ayah,سجدہ کی آیت کا نمبر,Secde ayetinin numarası,سەجدە ئايىتىنىڭ نومۇرى
tpl,t1sy0wmd,مرادف كلمة (الأكرم),Synonym of the word (الأكرم),لفظ (الأكرم) کا مترادف,(الأكرم) kelimesinin eş anlamlısı,(الأكرم) سۆزىنىڭ مۇرادىپى
tpl,t19mh1r6,لماذا سميت سورة العلق؟,Why is Surah Al-'Alaq named so?,سورۃ العلق کا یہ نام کیوں رکھا گیا؟,Alak Suresi neden bu isimle anıldı?,سۈرە ئەلەق نېمە ئۈچۈن شۇ نام بىلەن ئاتالغان؟
tpl,tmltqmi,هل في السورة (سجدة)؟,Does the surah contain a (prostration)?,کیا اس سورت میں (سجدہ) ہے؟,Surede (secde) var mı?,سۈرىدە (سەجدە) بارمۇ؟
tpl,ta121ai,الصالحات : __ + __ + __ + __ + __ + __ + __,الصالحات: __ + __ + __ + __ + __ + __ + __,الصالحات: __ + __ + __ + __ + __ + __ + __,الصالحات: __ + __ + __ + __ + __ + __ + __,الصالحات: __ + __ + __ + __ + __ + __ + __
tpl,tpsf1cv,أكمل: ا لـ صـ بـ ___,Complete: ا لـ صـ بـ ___,مکمل کریں: ا لـ صـ بـ ___,Tamamla: ا لـ صـ بـ ___,تولۇقلاڭ: ا لـ صـ بـ ___
tpl,t1oq5hqv,من هم الناجون من الخسر؟,Who are those saved from loss?,خسارے سے بچنے والے کون ہیں؟,Hüsrandan kurtulanlar kimlerdir?,زىياندىن قۇتۇلغانلار كىملەر؟
tpl,t1a9rl5v,استخرج (لام شمسية) لو وجدت,Find a (sun lam) if there is one,اگر ہو تو (لامِ شمسی) تلاش کریں,Varsa bir (şemsî lam) bulun,بولسا بىر (شەمسىي لام) نى تېپىڭ
tpl,tudaswf,من الذي يتحدث؟ (الأرض),Who is speaking? (the earth),کون بول رہا ہے؟ (زمین),Kim konuşuyor? (yer/toprak),كىم سۆزلەۋاتىدۇ؟ (يەر)
tpl,to2y63r,تكرار الميم الساكنة (ـهم) =,Repetition of the silent meem (ـهم) =,میم ساکن (ـهم) کی تکرار =,Sakin mim (ـهم) tekrarı =,سۈكۈنلۈك مىم (ـهم) نىڭ تەكرارلىنىشى =
tpl,t1jmt0sx,ما اسم أضخم حيوان بالسورة؟,What is the name of the largest animal in the surah?,سورت میں مذکور سب سے بڑے جانور کا نام کیا ہے؟,Surede geçen en büyük hayvanın adı nedir?,سۈرىدە تىلغا ئېلىنغان ئەڭ چوڭ ھايۋاننىڭ ئىسمى نېمە؟
tpl,tgb9ttz,الأبتر : __ + __ + __ + __ + __ + __,الأبتر: __ + __ + __ + __ + __ + __,الأبتر: __ + __ + __ + __ + __ + __,الأبتر: __ + __ + __ + __ + __ + __,الأبتر: __ + __ + __ + __ + __ + __
tpl,t19zox1i,أين يقع نهر الكوثر؟,Where is the river Al-Kawthar located?,نہر کوثر کہاں واقع ہے؟,Kevser nehri nerede bulunur?,كەۋسەر دەرياسى قەيەردە جايلاشقان؟
tpl,t5ekhhx,بماذا تشبه الجبال يوم القيامة؟,What are the mountains compared to on the Day of Judgment?,قیامت کے دن پہاڑوں کو کس چیز سے تشبیہ دی گئی؟,Kıyamet günü dağlar neye benzetiliyor?,قىيامەت كۈنى تاغلار نېمىگە ئوخشىتىلغان؟
tpl,t9lfx5j,الصمد : __ + ___,الصمد: __ + ___,الصمد: __ + ___,الصمد: __ + ___,الصمد: __ + ___
tpl,t1vrbg8v,شكّل حرف (د) في (أحد),Add a vowel mark to the letter (د) in (أحد),(أحد) میں حرف (د) پر اعراب لگائیں,(أحد) içindeki (د) harfine hareke koy,(أحد) دىكى (د) ھەرپىگە ھەرىكە قويۇڭ
tpl,teb8mmx,تذكرون : _ _ _ _ _ _,تذكرون: _ _ _ _ _ _,تذكرون: _ _ _ _ _ _,تذكرون: _ _ _ _ _ _,تذكرون: _ _ _ _ _ _
tpl,tm9e2ai,عمَّا ينهانا الله في الآية؟,What does Allah forbid us from in the ayah?,اللہ اس آیت میں ہمیں کس چیز سے منع کرتا ہے؟,Allah bu ayette bizi neden nehyediyor?,ئاللاھ بۇ ئايەتتە بىزنى نېمىدىن توسىدۇ؟
tpl,t1vykzha,لمن نزلت هذه السورة تعزيةً؟,For whom was this surah revealed as consolation?,یہ سورت کس کی تسلی کے لیے نازل ہوئی؟,Bu sure kime teselli olarak indirildi?,بۇ سۈرە كىمگە تەسەللى بولۇش ئۈچۈن چۈشۈرۈلگەن؟
tpl,t1ibjqlp,تَرَدَّىٰ : __ + __ + __ + __ + __,تَرَدَّىٰ: __ + __ + __ + __ + __,تَرَدَّىٰ: __ + __ + __ + __ + __,تَرَدَّىٰ: __ + __ + __ + __ + __,تَرَدَّىٰ: __ + __ + __ + __ + __
tpl,tmvodzn,أَيَحْسَبُ : __ + __ + __ + __ + __,أَيَحْسَبُ: __ + __ + __ + __ + __,أَيَحْسَبُ: __ + __ + __ + __ + __,أَيَحْسَبُ: __ + __ + __ + __ + __,أَيَحْسَبُ: __ + __ + __ + __ + __
tpl,t1tyst81,ما هي العقبة التي أمرنا الله باقتحامها؟,What is the steep path Allah commanded us to climb?,وہ دشوار گزار راستہ کیا ہے جس پر چڑھنے کا اللہ نے حکم دیا؟,Allah'ın aşmamızı emrettiği sarp yokuş nedir?,ئاللاھ بىزنى چىقىشقا بۇيرۇغان تىك يول نېمە؟
tpl,txmyoa2,تكرار حرف (ن) في الآيتين =,Repetition of the letter (ن) in the two ayahs =,دونوں آیات میں حرف (ن) کی تکرار =,İki ayette (ن) harfinin tekrarı =,ئىككى ئايەتتىكى (ن) ھەرپىنىڭ تەكرارلىنىشى =
tpl,tuzqudf,ما الدعاء الذي دعا به يونس عليه السلام في بطن الحوت؟,What was the supplication of Prophet Yunus (peace be upon him) in the belly of the whale?,حضرت یونس علیہ السلام نے مچھلی کے پیٹ میں کیا دعا مانگی؟,Hz. Yunus (a.s.) balığın karnında ne diye dua etti?,يۇنۇس ئەلەيھىسسالام بېلىقنىڭ قورسىقىدا قانداق دۇئا قىلغان؟
tpl,t13d41ab,ما رقم الآيتين؟,What are the numbers of the two ayahs?,دونوں آیات کے نمبر کیا ہیں؟,İki ayetin numaraları nedir?,ئىككى ئايەتنىڭ نومۇرى نېمە؟
tpl,t1w9iobl,اطلب من أحد والديك الاستماع إلى قراءتك لهذه الآية ✓,Ask one of your parents to listen to your recitation of this ayah ✓,اپنے والدین میں سے کسی ایک سے کہیں کہ وہ یہ آیت آپ کی تلاوت سنیں ✓,Ebeveynlerinden birinden bu ayeti okuyuşunu dinlemesini iste ✓,ئاتا-ئاناڭدىن بىرىدىن بۇ ئايەتنى ئوقۇشۇڭنى ئاڭلاپ بېرىشنى تەلەپ قىل ✓
tpl,tl73lpy,من الذي يتنزّل في ليلة القدر؟,Who descends on the Night of Decree?,شبِ قدر میں کون نازل ہوتا ہے؟,Kadir Gecesi'nde kim iner?,قەدىر كېچىسىدە كىم چۈشىدۇ؟
tpl,thacco6,أَخْلَدَهُ : __ + __ + __ + __ + __ + __,أَخْلَدَهُ: __ + __ + __ + __ + __ + __,أَخْلَدَهُ: __ + __ + __ + __ + __ + __,أَخْلَدَهُ: __ + __ + __ + __ + __ + __,أَخْلَدَهُ: __ + __ + __ + __ + __ + __
tpl,t161h3fy,بم توعّد الله من يغتاب الناس ويعيبهم؟,What did Allah threaten those who backbite and slander people with?,اللہ نے لوگوں کی غیبت اور عیب جوئی کرنے والوں کو کس چیز کی وعید دی؟,"Allah, insanları çekiştiren ve ayıplayanları neyle tehdit etti?",ئاللاھ ئادەملەرنى غەيۋەت قىلغۇچى ۋە ئەيىبلىگۈچىلەرنى نېمە بىلەن ئاگاھلاندۇردى؟
tpl,t1jmhi6g,اذكر صفتين للمصلين الموصوفين بالويل في السورة:,Mention two traits of the praying people described with woe in the surah:,سورت میں ویل (ہلاکت) کے مستحق نمازیوں کی دو صفات بیان کریں:,Surede vay hâline denilen namaz kılanların iki özelliğini sayın:,سۈرىدە ۋايى دېيىلگەن ناماز ئوقۇغۇچىلارنىڭ ئىككى سۈپىتىنى ئېيتىڭ:
tpl,t163sbo5,حَافِظٌ : __ + __ + __ + __ + __ + __,حَافِظٌ: __ + __ + __ + __ + __ + __,حَافِظٌ: __ + __ + __ + __ + __ + __,حَافِظٌ: __ + __ + __ + __ + __ + __,حَافِظٌ: __ + __ + __ + __ + __ + __
tpl,t1wl7g1h,ما دلالة القسم بالسماء والطارق في بداية السورة؟,What is the significance of swearing by the sky and the night star at the start of the surah?,سورت کے آغاز میں آسمان اور طارق کی قسم کھانے کی کیا حکمت ہے؟,Surenin başında gökyüzüne ve tarık'a yemin edilmesinin anlamı nedir?,سۈرىنىڭ بېشىدا ئاسمان ۋە تارىققا قەسەم قىلىشنىڭ مەنىسى نېمە؟
tpl,tg2v5x7,ما مصير الأبرار يوم الدين؟,What is the fate of the righteous on the Day of Judgment?,نیک لوگوں کا انجام قیامت کے دن کیا ہوگا؟,İyi insanların ceza gününde akıbeti nedir?,ياخشى ئادەملەرنىڭ قىيامەت كۈنىدىكى ئاقىۋىتى قانداق؟
tpl,t1c7s3jg,آخر حرف في الآية,Last letter in the ayah,آیت کا آخری حرف,Ayetteki son harf,ئايەتتىكى ئاخىرقى ھەرپ
tpl,tjj3kdw,(إذ) في بداية الآية: اسم أم حرف؟,(إذ) at the start of the ayah: a noun or a particle?,آیت کے شروع میں (إذ): اسم ہے یا حرف؟,Ayetin başındaki (إذ): isim mi harf mi?,ئايەتنىڭ بېشىدىكى (إذ): ئىسىممۇ ياكى ھەرپمۇ؟
tpl,thyvdo3,بم خاطب يوسف أباه في الآية؟,How did Yusuf address his father in the ayah?,یوسف نے اس آیت میں اپنے والد سے کیسے خطاب کیا؟,"Yusuf, ayette babasına nasıl hitap etti?",يۇسۇف بۇ ئايەتتە ئاتىسىغا قانداق مۇرۈجەئەت قىلغان؟
tpl,t1wyzrrl,بماذا أوحى الله إلى أم موسى؟,What did Allah reveal to the mother of Musa?,اللہ نے حضرت موسیٰ کی والدہ کی طرف کیا وحی کی؟,"Allah, Musa'nın annesine ne vahyetti?",ئاللاھ مۇسانىڭ ئانىسىغا نېمە ۋەھىي قىلغان؟
tpl,tj7bkip,من الذي أراد قتل موسى عليه السلام فخافت منه أمه؟,"Who wanted to kill Musa (peace be upon him), causing his mother to fear?",موسیٰ علیہ السلام کو کون قتل کرنا چاہتا تھا جس سے ان کی والدہ ڈر گئیں؟,Musa'yı (a.s.) öldürmek isteyen ve annesinin ondan korktuğu kişi kimdir?,مۇسانى ئۆلتۈرمەكچى بولغان ۋە ئانىسى ئۇنىڭدىن قورققان كىشى كىم؟
tpl,takkz55,اذكر ثلاثة أقوام أهلكهم الله كما ذكرت السورة,Mention three nations Allah destroyed as the surah mentions,تین قوموں کے نام بتائیں جنہیں اللہ نے ہلاک کیا جیسا کہ سورت میں مذکور ہے,Surede bahsedildiği gibi Allah'ın helak ettiği üç kavmi say,سۈرىدە ئېيتىلغاندەك ئاللاھ ھالاك قىلغان ئۈچ قەۋمنى ئېيتىڭ
tpl,t4dduvv,لماذا أهلك الله عادًا وثمود وفرعون؟,"Why did Allah destroy 'Ad, Thamud, and Pharaoh?",اللہ نے عاد، ثمود اور فرعون کو کیوں ہلاک کیا؟,"Allah, Âd, Semûd ve Firavun'u neden helak etti?",ئاللاھ ئاد، سەمۇد ۋە پىرئەۋننى نېمە ئۈچۈن ھالاك قىلغان؟
tpl,t1arl330,بم شبّه الله نوره في هذه الآية؟,What did Allah compare His light to in this ayah?,اللہ نے اس آیت میں اپنے نور کو کس چیز سے تشبیہ دی؟,Allah bu ayette nurunu neye benzetti?,ئاللاھ بۇ ئايەتتە نۇرىنى نېمىگە ئوخشاتقان؟
tpl,tspu3re,ما الحكمة من ضرب الله الأمثال للناس؟,What is the wisdom behind Allah giving examples to people?,اللہ کا لوگوں کے لیے مثالیں دینے کی حکمت کیا ہے؟,Allah'ın insanlara örnekler vermesindeki hikmet nedir?,ئاللاھنىڭ ئىنسانلارغا مىساللارنى كۆرسىتىشتىكى ھېكمىتى نېمە؟
tpl,txh9wa0,ما رقم الآيات؟,What are the numbers of the ayahs?,آیات کے نمبر کیا ہیں؟,Ayetlerin numaraları nedir?,ئايەتلەرنىڭ نومۇرلىرى نېمە؟
tpl,tld3qpx,لماذا ضرب الله على آذانهم (أنامهم)؟,Why did Allah seal their ears (while they slept)?,اللہ نے ان کے کانوں پر (نیند کے دوران) پردہ کیوں ڈالا؟,"Allah, (uykularında) kulaklarını neden mühürledi?",ئاللاھ نېمە ئۈچۈن ئۇلارنىڭ (ئۇخلاۋاتقاندا) قۇلىقىنى پېچەتلىگەن؟
tpl,t5y2zxt,من الذي رفض السجود لآدم؟,Who refused to prostrate to Adam?,آدم کو سجدہ کرنے سے کس نے انکار کیا؟,Adem'e secde etmeyi kim reddetti?,ئادەمگە سەجدە قىلىشنى كىم رەت قىلغان؟
tpl,t1n8exwd,كيف أثبت آدم للملائكة علمه بالأسماء؟,How did Adam prove his knowledge of the names to the angels?,آدم نے فرشتوں کو ناموں کا علم کیسے ثابت کیا؟,"Adem, meleklere isimler konusundaki bilgisini nasıl ispatladı?",ئادەم پەرىشتىلەرگە ئىسىملارنى بىلىدىغانلىقىنى قانداق ئىسپاتلىغان؟
tpl,t91js42,بَرْدًا : __ + __ + __ + __,بَرْدًا: __ + __ + __ + __,بَرْدًا: __ + __ + __ + __,بَرْدًا: __ + __ + __ + __,بَرْدًا: __ + __ + __ + __
tpl,t5vbr2d,ماذا كانت نتيجة كيد قومه به؟,What was the result of his people's scheming against him?,اس کی قوم کی سازش کا نتیجہ کیا نکلا؟,Kavminin ona karşı tuzağının sonucu ne oldu?,قەۋمىنىڭ ئۇنىڭغا قارىتا سۇيىقەستىنىڭ نەتىجىسى قانداق بولغان؟
tpl,t7cnx9f,عَظِيمٌ : __ + __ + __ + __ + __,عَظِيمٌ: __ + __ + __ + __ + __,عَظِيمٌ: __ + __ + __ + __ + __,عَظِيمٌ: __ + __ + __ + __ + __,عَظِيمٌ: __ + __ + __ + __ + __
tpl,t1bfuryy,ماذا وجد الهدهد في مملكة سبأ؟,What did the hoopoe find in the kingdom of Sheba?,ہدہد نے سبا کی سلطنت میں کیا پایا؟,"Hüdhüd, Sebe krallığında ne buldu?",ھۆپۆپ سەبە پادىشاھلىقىدا نېمىنى تاپقان؟
tpl,tuu8x1k,صَبْرًا : __ + __ + __ + __,صَبْرًا: __ + __ + __ + __,صَبْرًا: __ + __ + __ + __,صَبْرًا: __ + __ + __ + __,صَبْرًا: __ + __ + __ + __
tpl,tvg3k98,من الذين ثبتوا على الإيمان بعد اختبار النهر؟,Who remained firm in faith after the test of the river?,دریا کی آزمائش کے بعد ایمان پر ثابت قدم رہنے والے کون تھے؟,Nehir sınavından sonra imanda sebat edenler kimlerdi?,دەريا سىنىقىدىن كېيىن ئىمانىدا چىڭ تۇرغانلار كىملەر؟
tpl,t1q765lk,أول كلمة في الآيتين؟,First word in the two ayahs?,دونوں آیات کا پہلا لفظ؟,İki ayetteki ilk kelime?,ئىككى ئايەتتىكى بىرىنچى سۆز؟
tpl,t1ho7bmy,ماذا أعاد الله لأيوب بعد استجابة دعائه؟,What did Allah restore to Ayyub after answering his prayer?,دعا قبول ہونے کے بعد اللہ نے ایوب کو کیا لوٹایا؟,"Allah, duasını kabul ettikten sonra Eyyüb'e neyi geri verdi?",ئاللاھ ئەييۇبنىڭ دۇئاسىنى ئىجابەت قىلغاندىن كېيىن ئۇنىڭغا نېمىنى قايتۇرغان؟
tpl,t11xk1rm,بمن استبشر زكريا في هذه الآيات؟,With whom did Zakariyya rejoice in these ayahs?,زکریا نے ان آیات میں کس کی خوشخبری پائی؟,Zekeriya bu ayetlerde kimle müjdelendi?,زەكەرىيا بۇ ئايەتلەردە كىم بىلەن خۇشاللانغان؟
tpl,t19zpfny,ماذا استغرب زكريا عند تلقيه البشارة؟,What did Zakariyya find strange upon receiving the good news?,زکریا نے خوشخبری سننے پر کس بات پر تعجب کیا؟,"Zekeriya, müjdeyi alınca neye şaşırdı?",زەكەرىيا خۇش خەۋەرنى ئاڭلىغاندا نېمىگە ھەيران قالغان؟
tpl,t2176pr,عمّ يتساءل الناس في بداية السورة؟,What do people ask about at the start of the surah?,لوگ سورت کے شروع میں کس بارے میں سوال کرتے ہیں؟,İnsanlar surenin başında ne hakkında soruyorlar?,كىشىلەر سۈرىنىڭ بېشىدا نېمە توغرىسىدا سوئال قىلىدۇ؟
tpl,tok8s2j,صف جزاء المتقين كما وصفته السورة,Describe the reward of the righteous as described in the surah,سورت میں بیان کردہ متقین کے اجر کو بیان کریں,Surede tasvir edildiği gibi muttakilerin mükâfatını anlat,سۈرىدە بايان قىلىنغاندەك تەقۋادارلارنىڭ مۇكاپاتىنى بايان قىلىڭ
tpl,t1dlfh3y,إلى من أرسل الله موسى عليه السلام في هذه السورة؟,To whom did Allah send Musa (peace be upon him) in this surah?,اللہ نے اس سورت میں موسیٰ علیہ السلام کو کس کی طرف بھیجا؟,Allah bu surede Musa'yı (a.s.) kime gönderdi?,ئاللاھ بۇ سۈرىدە مۇسانى كىمگە ئەۋەتكەن؟
tpl,t1mt8e4a,ما جزاء من طغى وآثر الحياة الدنيا؟,What is the punishment for one who transgressed and preferred worldly life?,جس نے سرکشی کی اور دنیا کی زندگی کو ترجیح دی اس کی سزا کیا ہے؟,Azgınlık edip dünya hayatını tercih edenin cezası nedir?,ھەددىدىن ئاشقان ۋە دۇنيا تىرىكچىلىكىنى ئارتۇق كۆرگەن كىشىنىڭ جازاسى نېمە؟
tpl,t1239g01,لماذا عبس النبي صلى الله عليه وسلم وأعرض في بداية السورة؟,Why did the Prophet (peace be upon him) frown and turn away at the start of the surah?,نبی کریم صلی اللہ علیہ وسلم نے سورت کے شروع میں کیوں ترش رو ہو کر منہ پھیرا؟,Peygamber (s.a.v.) surenin başında neden yüzünü ekşitip döndü?,پەيغەمبەر (ئۇنىڭغا ئاللاھنىڭ سالامى ۋە رەھمىتى بولسۇن) سۈرىنىڭ بېشىدا نېمە ئۈچۈن چىرايىنى تۈرۈپ يۈزىنى ئۆرۈگەن؟
tpl,t18hw50c,صف حال الوجوه المسفرة يوم القيامة,Describe the state of the beaming faces on the Day of Judgment,قیامت کے دن روشن چہروں کی حالت بیان کریں,Kıyamet günü parıldayan yüzlerin halini anlat,قىيامەت كۈنى پارقىراپ تۇرغان چىراقلارنىڭ ھالىنى بايان قىلىڭ
tpl,t8dvntl,بم توعّدت السورة من ينقص الكيل والميزان؟,What did the surah threaten those who cheat in measure and weight with?,سورت نے ناپ تول میں کمی کرنے والوں کو کس چیز کی وعید دی؟,"Sure, ölçü ve tartıda hile yapanları neyle tehdit etti?",سۈرە ئۆلچەم ۋە تارازىدا كەمچىلىك قىلغۇچىلارنى نېمە بىلەن ئاگاھلاندۇرغان؟
tpl,t2z79zh,كيف كان الكفار يسخرون من المؤمنين في الدنيا؟,How did the disbelievers mock the believers in this world?,کفار دنیا میں مومنوں کا مذاق کیسے اڑاتے تھے؟,Kâfirler dünyada müminlerle nasıl alay ediyorlardı?,كاپىرلار دۇنيادا مۆمىنلەرنى قانداق مەسخىرە قىلاتتى؟
tpl,t27plq3,بم أقسم الله في هذه السورة؟,By what did Allah swear in this surah?,اللہ نے اس سورت میں کس چیز کی قسم کھائی؟,Allah bu surede neye yemin etti?,ئاللاھ بۇ سۈرىدە نېمىگە قەسەم قىلغان؟
tpl,t1jn4ph7,ما جزاء الذين آمنوا وعملوا الصالحات؟,What is the reward of those who believed and did righteous deeds?,ایمان لانے اور نیک عمل کرنے والوں کا اجر کیا ہے؟,İman edip salih amel işleyenlerin mükâfatı nedir?,ئىمان ئېيتقان ۋە ياخشى ئىش قىلغانلارنىڭ مۇكاپاتى نېمە؟
tpl,t1drxn50,ماذا فعل أصحاب الأخدود بالمؤمنين؟,What did the People of the Ditch do to the believers?,اصحاب الاخدود نے مومنوں کے ساتھ کیا کیا؟,Uhdud ashabı müminlere ne yaptı?,ئۇخدۇد ئىگىلىرى مۆمىنلەرگە نېمە قىلغان؟
tpl,tfwgvbt,أَحْوَىٰ : __ + __ + __ + __,أَحْوَىٰ: __ + __ + __ + __,أَحْوَىٰ: __ + __ + __ + __,أَحْوَىٰ: __ + __ + __ + __,أَحْوَىٰ: __ + __ + __ + __
tpl,tpqtdn6,بم وصف الله الآخرة بالمقارنة مع الدنيا؟,How did Allah describe the Hereafter in comparison with this world?,اللہ نے آخرت کو دنیا کے مقابلے میں کیسے بیان کیا؟,"Allah, ahireti dünya ile karşılaştırarak nasıl tasvir etti?",ئاللاھ ئاخىرەتنى دۇنيا بىلەن سېلىشتۇرۇپ قانداق تەسۋىرلىگەن؟
tpl,tuhs5sb,صَدْرَكَ : __ + __ + __ + __ + __,صَدْرَكَ: __ + __ + __ + __ + __,صَدْرَكَ: __ + __ + __ + __ + __,صَدْرَكَ: __ + __ + __ + __ + __,صَدْرَكَ: __ + __ + __ + __ + __
tpl,tur3olg,ما الدرس المستفاد من تكرار (إن مع العسر يسرا)؟,What is the lesson learned from the repetition of (إن مع العسر يسرا)؟,(إن مع العسر يسرا) کی تکرار سے کیا سبق ملتا ہے؟,(إن مع العسر يسرا) ifadesinin tekrarından çıkarılacak ders nedir?,(إن مع العسر يسرا) نىڭ تەكرارلىنىشىدىن قانداق ئىبرەت ئالىمىز؟
tpl,t167sz7m,حاسد : __ + __ + __ + __,حاسد : __ + __ + __ + __,حاسد : __ + __ + __ + __,حاسد : __ + __ + __ + __,حاسد : __ + __ + __ + __
tpl,tvjazzf,النفوس : __+__+__+__+__+__,النفوس : __+__+__+__+__+__,النفوس : __+__+__+__+__+__,النفوس : __+__+__+__+__+__,النفوس : __+__+__+__+__+__
tpl,t1y7npf1,حطب : __ + __ + __,حطب : __ + __ + __,حطب : __ + __ + __,حطب : __ + __ + __,حطب : __ + __ + __
tpl,tbj4j0c,دين : __ + __ + __,دين : __ + __ + __,دين : __ + __ + __,دين : __ + __ + __,دين : __ + __ + __
tpl,th41nw5,جاء : __ + __ + __,جاء : __ + __ + __,جاء : __ + __ + __,جاء : __ + __ + __,جاء : __ + __ + __
tpl,t106pw9v,مطهّرة : __+__+__+__+__,مطهّرة : __+__+__+__+__,مطهّرة : __+__+__+__+__,مطهّرة : __+__+__+__+__,مطهّرة : __+__+__+__+__
tpl,t6907b8,القبور : __+__+__+__+__+__,القبور : __+__+__+__+__+__,القبور : __+__+__+__+__+__,القبور : __+__+__+__+__+__,القبور : __+__+__+__+__+__
tpl,t1mwd9qc,الرَّحيم : __ + ___,الرَّحيم : __ + ___,الرَّحيم : __ + ___,الرَّحيم : __ + ___,الرَّحيم : __ + ___
tpl,t1en1onx,القَيُّوم : __ + ___,القَيُّوم : __ + ___,القَيُّوم : __ + ___,القَيُّوم : __ + ___,القَيُّوم : __ + ___
tpl,t105jsgk,شَكَرْتُم : _ _ _ _ _,شَكَرْتُم : _ _ _ _ _,شَكَرْتُم : _ _ _ _ _,شَكَرْتُم : _ _ _ _ _,شَكَرْتُم : _ _ _ _ _
tpl,tw3zzfc,الأوَّل : __ + ___,الأوَّل : __ + ___,الأوَّل : __ + ___,الأوَّل : __ + ___,الأوَّل : __ + ___
tpl,t7qpmmv,صدور : __ + __ + __ + __,صدور : __ + __ + __ + __,صدور : __ + __ + __ + __,صدور : __ + __ + __ + __,صدور : __ + __ + __ + __
tpl,t1g4vswf,الشتاء : __ + __ + __ + __ + __ + __,الشتاء : __ + __ + __ + __ + __ + __,الشتاء : __ + __ + __ + __ + __ + __,الشتاء : __ + __ + __ + __ + __ + __,الشتاء : __ + __ + __ + __ + __ + __
tpl,t19f04gd,الإنسان : __ + __ + __ + __ + __ + __ + __,الإنسان : __ + __ + __ + __ + __ + __ + __,الإنسان : __ + __ + __ + __ + __ + __ + __,الإنسان : __ + __ + __ + __ + __ + __ + __,الإنسان : __ + __ + __ + __ + __ + __ + __
tpl,t1fupzor,أصحاب : __ + __ + __ + __ + __,أصحاب : __ + __ + __ + __ + __,أصحاب : __ + __ + __ + __ + __,أصحاب : __ + __ + __ + __ + __,أصحاب : __ + __ + __ + __ + __
tpl,t12yp367,شانئك : __ + __ + __ + __ + __,شانئك : __ + __ + __ + __ + __,شانئك : __ + __ + __ + __ + __,شانئك : __ + __ + __ + __ + __,شانئك : __ + __ + __ + __ + __
tpl,tz3hicz,القارعة : __+__+__+__+__+__+__+__,القارعة : __+__+__+__+__+__+__+__,القارعة : __+__+__+__+__+__+__+__,القارعة : __+__+__+__+__+__+__+__,القارعة : __+__+__+__+__+__+__+__
tpl,tu820xp,عَيْنَيْنِ : __ + __ + __ + __ + __ + __,عَيْنَيْنِ : __ + __ + __ + __ + __ + __,عَيْنَيْنِ : __ + __ + __ + __ + __ + __,عَيْنَيْنِ : __ + __ + __ + __ + __ + __,عَيْنَيْنِ : __ + __ + __ + __ + __ + __
tpl,t1gq8zfz,مُغَاضِبًا : __ + __ + __ + __ + __ + __,مُغَاضِبًا : __ + __ + __ + __ + __ + __,مُغَاضِبًا : __ + __ + __ + __ + __ + __,مُغَاضِبًا : __ + __ + __ + __ + __ + __,مُغَاضِبًا : __ + __ + __ + __ + __ + __
tpl,t1ebnlum,الْقَدْرِ : __ + __ + __ + __ + __,الْقَدْرِ : __ + __ + __ + __ + __,الْقَدْرِ : __ + __ + __ + __ + __,الْقَدْرِ : __ + __ + __ + __ + __,الْقَدْرِ : __ + __ + __ + __ + __
tpl,tczj9ve,الْيَتِيمَ : __ + __ + __ + __ + __ + __,الْيَتِيمَ : __ + __ + __ + __ + __ + __,الْيَتِيمَ : __ + __ + __ + __ + __ + __,الْيَتِيمَ : __ + __ + __ + __ + __ + __,الْيَتِيمَ : __ + __ + __ + __ + __ + __
tpl,t1loeo32,الدِّينِ : __ + __ + __ + __ + __,الدِّينِ : __ + __ + __ + __ + __,الدِّينِ : __ + __ + __ + __ + __,الدِّينِ : __ + __ + __ + __ + __,الدِّينِ : __ + __ + __ + __ + __
tpl,t1nujrj7,لِأَبِيهِ : __ + __ + __ + __ + __,لِأَبِيهِ : __ + __ + __ + __ + __,لِأَبِيهِ : __ + __ + __ + __ + __,لِأَبِيهِ : __ + __ + __ + __ + __,لِأَبِيهِ : __ + __ + __ + __ + __
tpl,t7lobh7,شكّل حرف (ق) في (خلق),Add the diacritic to the letter (ق) in (خلق),(خلق) میں حرف (ق) پر اعراب لگائیں,(خلق) içindeki (ق) harfini harekele,(خلق) دىكى (ق) ھەرپىگە ھەرىكە قويۇڭ
tpl,ttgrd6o,أول آية في السورة,First ayah in the surah,سورت کی پہلی آیت,Suredeki ilk ayet,سۈرىدىكى بىرىنچى ئايەت
tpl,t10f333k,كلمة مكرر فيها حرف (د),A word in which the letter (د) is repeated,وہ لفظ جس میں حرف (د) دہرایا گیا ہے,(د) harfinin tekrarlandığı bir kelime,(د) ھەرپى تەكرارلانغان سۆز
tpl,t1f745py,ضد (أفلح),Opposite of (أفلح),(أفلح) کا متضاد,(أفلح) kelimesinin zıttı,(أفلح) نىڭ زىت مەنىسى
tpl,t1h2frof,ما هي الآية الكونية الأولى؟,What is the first cosmic sign (ayah)?,پہلی کائناتی نشانی (آیت) کیا ہے؟,İlk kozmik ayet (evrensel işaret) nedir?,بىرىنچى ئالەم ئايىتى (كائىنات بەلگىسى) نېمە؟
tpl,tf7cgky,لماذا عذّب الله ثمود؟,Why did Allah punish Thamud?,اللہ نے ثمود کو کیوں عذاب دیا؟,"Allah, Semud kavmini neden cezalandırdı?",ئاللاھ نېمىشقا سەمۇد قەۋمىنى جازالىدى؟
tpl,t1vec4k6,بماذا يوحي (دمدم عليهم)؟,What does (دمدم عليهم) suggest?,(دمدم عليهم) کس بات کی طرف اشارہ کرتا ہے؟,(دمدم عليهم) neyi ima ediyor?,(دمدم عليهم) نېمىنى بىلدۈرىدۇ؟
tpl,t1s8gkgb,عدد ثمار ذُكرت بالسورة,Number of fruits mentioned in the surah,سورت میں مذکور پھلوں کی تعداد,Surede zikredilen meyvelerin sayısı,سۈرىدە تىلغا ئېلىنغان مېۋىلەرنىڭ سانى
tpl,t1vrq7nf,عدد الكلمات في آية ١,Number of words in ayah 1,آیت ١ میں الفاظ کی تعداد,1. ayetteki kelime sayısı,1-ئايەتتىكى سۆز سانى
tpl,t1rylfgx,نوع الأسلوب في (أليس الله..),The rhetorical style in (أليس الله..),(أليس الله..) میں اسلوب کی قسم,(أليس الله..) ifadesindeki üslup türü,(أليس الله..) دىكى ئۇسلۇب تۈرى
tpl,tuuqvk6,كلمة تبدأ بـ (أ) وتنتهي بـ (ن),A word starting with (أ) and ending with (ن),وہ لفظ جو (أ) سے شروع اور (ن) پر ختم ہو,(أ) ile başlayıp (ن) ile biten bir kelime,(أ) بىلەن باشلىنىپ (ن) بىلەن ئاياغلاشقان سۆز
tpl,t1om1ziw,كم (ل) في كلمة (البلد)؟,How many (ل)s are in the word (البلد)?,لفظ (البلد) میں (ل) کتنی بار آیا ہے؟,(البلد) kelimesinde kaç tane (ل) var?,(البلد) سۆزىدە قانچە (ل) بار؟
tpl,t1ymo3ez,ماذا يحدث للنجوم؟,What happens to the stars?,ستاروں کو کیا ہوتا ہے؟,Yıldızlara ne olur?,يۇلتۇزلارغا نېمە بولىدۇ؟
tpl,t1gnr7zd,متى تنكدر النجوم؟,When do the stars fall/darken?,ستارے کب بکھر جاتے ہیں؟,Yıldızlar ne zaman kararıp dökülür?,يۇلتۇزلار قاچان تۆكۈلۈپ قارىڭغۇلىشىدۇ؟
tpl,t1tuncca,ممَّ تشرب هذه الوجوه؟,What do these faces drink from?,یہ چہرے کیا پیتے ہیں؟,Bu yüzler neden içer?,بۇ چىرايلار نېمىدىن ئىچىدۇ؟
tpl,tqofq3w,تنوين كسر في كلمة,Tanwin kasr in a word,کسی لفظ میں تنوین کسر,Bir kelimede tenvin-i kesre,بىرەر سۆزدىكى تەنۋىن كەسرە
tpl,tj86rgi,لماذا هي «ناعمة»؟,Why is it «radiant»?,یہ «تروتازہ» کیوں ہے؟,Neden «parlak/mutlu»?,نېمىشقا ئۇ «پارلاق»؟
tpl,t1uvtslh,ما معنى «سرر مرفوعة»؟,What does «raised couches» mean?,«سرر مرفوعة» (بلند تختوں) کا کیا مطلب ہے؟,«سرر مرفوعة» (yükseltilmiş tahtlar) ne anlama gelir?,«سرر مرفوعة» (ئېگىز تەختلەر) نىڭ مەنىسى نېمە؟
tpl,tj9al7k,إلى ماذا ينظرون في آية ١٧؟,What do they look at in ayah 17?,وہ آیت ١٧ میں کس چیز کو دیکھتے ہیں؟,17. ayette neye bakıyorlar?,17-ئايەتتە ئۇلار نېمىگە قارايدۇ؟
tpl,t106ob20,ما هي وظيفة الرسول صلى الله عليه وسلم؟,"What is the role of the Messenger, peace be upon him?",رسول اللہ صلی اللہ علیہ وسلم کا کام کیا ہے؟,Peygamber Efendimizin (s.a.v.) görevi nedir?,پەيغەمبەر ئەلەيھىسسالامنىڭ ۋەزىپىسى نېمە؟
tpl,ttiskaw,رقم آية «فذكر إنما أنت مذكر»,The number of the ayah «فذكر إنما أنت مذكر»,آیت «فذكر إنما أنت مذكر» کا نمبر,«فذكر إنما أنت مذكر» ayetinin numarası,«فذكر إنما أنت مذكر» ئايىتىنىڭ نومۇرى
tpl,thfj3fk,(ما): اسم موصول أم حرف جر؟,(ما): a relative pronoun or a preposition?,(ما): اسم موصول ہے یا حرف جر؟,(ما): ism-i mevsul mu yoksa edat mı?,(ما): بىرلەشتۈرگۈچى ئات مۇ ياكى پېرلوگ مۇ؟
tpl,t1lrj3l8,(إذا): ظرف زمان أم مكان؟,(إذا): an adverb of time or place?,(إذا): ظرف زمان ہے یا ظرف مکان؟,(إذا): zaman zarfı mı yoksa yer zarfı mı?,(إذا): ۋاقىت رەۋىشى مۇ ياكى ئورۇن رەۋىشى مۇ؟
tpl,thykwtw,تكرار كلمة (كلا) بالسورة =,Repetition of the word (كلا) in the surah =,سورت میں لفظ (كلا) کی تکرار =,Surede (كلا) kelimesinin tekrarı =,سۈرىدە (كلا) سۆزىنىڭ تەكرارلىنىشى =
tpl,tdnivxp,آخر حرف في كلمة (النعيم):,Last letter in the word (النعيم):,لفظ (النعيم) کا آخری حرف:,(النعيم) kelimesindeki son harf:,(النعيم) سۆزىدىكى ئاخىرقى ھەرپ:
tpl,t1upxut0,شكّل حرف (ث) في (ثم),Add the diacritic to the letter (ث) in (ثم),(ثم) میں حرف (ث) پر اعراب لگائیں,(ثم) içindeki (ث) harfini harekele,(ثم) دىكى (ث) ھەرپىگە ھەرىكە قويۇڭ
tpl,t1rxtjaw,قراءة بطلاقة لأول آيتين ✓,Read the first two ayat fluently ✓,پہلی دو آیات روانی سے پڑھیں ✓,İlk iki ayeti akıcı bir şekilde oku ✓,دەسلەپكى ئىككى ئايەتنى راۋان ئوقۇڭ ✓
tpl,t1es1393,ماذا يحدث في القبور؟,What happens in the graves?,قبروں میں کیا ہوتا ہے؟,Kabirlerde ne olur?,قەبرىلەردە نېمە بولىدۇ؟
tpl,t13gaeo0,فصّل: الرَّحمن =,Break down (spell out): الرَّحمن =,تفصیل بتائیں: الرَّحمن =,Detaylandır: الرَّحمن =,تەپسىلىي يېزىڭ: الرَّحمن =
tpl,tarowj5,لماذا نبدأ بالبسملة؟,Why do we begin with the Basmalah?,ہم بسملہ سے کیوں شروع کرتے ہیں؟,Neden Besmele ile başlarız?,بىز نېمىشقا بەسمەلە بىلەن باشلايمىز؟
tpl,tk2onty,ما اسم الآية الأولى من الفاتحة؟,What is the name of the first ayah of Al-Fatihah?,الفاتحہ کی پہلی آیت کا نام کیا ہے؟,Fatiha suresinin ilk ayetinin adı nedir?,فاتىھە سۈرىسىنىڭ بىرىنچى ئايىتىنىڭ ئىسمى نېمە؟
tpl,t1x1d8ad,فصّل: القَيُّوم =,Break down (spell out): القَيُّوم =,تفصیل بتائیں: القَيُّوم =,Detaylandır: القَيُّوم =,تەپسىلىي يېزىڭ: القَيُّوم =
tpl,tgtvgnv,شكّل: القيوم,Add diacritics to: القيوم,اعراب لگائیں: القيوم,Harekele: القيوم,ھەرىكە قويۇڭ: القيوم
tpl,t4bq01m,فصّل: الدُّنيا =,Break down (spell out): الدُّنيا =,تفصیل بتائیں: الدُّنيا =,Detaylandır: الدُّنيا =,تەپسىلىي يېزىڭ: الدُّنيا =
tpl,t1p36r9e,شكّل: حَسَنَة,Add diacritics to: حَسَنَة,اعراب لگائیں: حَسَنَة,Harekele: حَسَنَة,ھەرىكە قويۇڭ: حَسَنَة
tpl,t15oybux,الحسنة في الدنيا هي؟,What is the good in this world?,دنیا میں بھلائی کیا ہے؟,Dünyadaki iyilik nedir?,دۇنيادىكى ياخشىلىق نېمە؟
tpl,tqzz6jh,من الذي يكلّف؟,Who is burdened (with a duty)?,کس کو مکلف بنایا جاتا ہے؟,Kim yükümlü tutulur?,كىم مەسئۇل قىلىنىدۇ؟
tpl,tey9mfb,ماذا تفهم من الآية؟,What do you understand from the ayah?,آپ آیت سے کیا سمجھتے ہیں؟,Ayetten ne anlıyorsun?,ئايەتتىن نېمىنى چۈشىنىسىز؟
tpl,tdwhkhu,اكتب (يكلف) بخط جميل:,Write (يكلف) in neat handwriting:,(يكلف) خوبصورت خط میں لکھیں:,(يكلف) kelimesini güzel bir yazıyla yaz:,(يكلف) نى چىرايلىق خەت بىلەن يېزىڭ:
tpl,t137frw9,كلمة بها (ال) =,A word with (ال) — the definite article =,لفظ جس میں (ال) ہو =,İçinde (ال) — belirli takısı bulunan bir kelime =,(ال) بار سۆز =
tpl,tw4xe2u,فصّل: العُسْر =,Break down (spell out): العُسْر =,تفصیل بتائیں: العُسْر =,Detaylandır: العُسْر =,تەپسىلىي يېزىڭ: العُسْر =
tpl,tlpn8q,لماذا تكررت الآية؟,Why was the ayah repeated?,آیت کیوں دہرائی گئی؟,Ayet neden tekrarlandı?,ئايەت نېمىشقا تەكرارلاندى؟
tpl,t1p4y2aa,شكّل: يسرا,Add diacritics to: يسرا,اعراب لگائیں: يسرا,Harekele: يسرا,ھەرىكە قويۇڭ: يسرا
tpl,t1qbnt13,فصّل: شَكَرْتُم =,Break down (spell out): شَكَرْتُم =,تفصیل بتائیں: شَكَرْتُم =,Detaylandır: شَكَرْتُم =,تەپسىلىي يېزىڭ: شَكَرْتُم =
tpl,t1fzvc2x,شكّل: شَكَرْتُم,Add diacritics to: شَكَرْتُم,اعراب لگائیں: شَكَرْتُم,Harekele: شَكَرْتُم,ھەرىكە قويۇڭ: شَكَرْتُم
tpl,t10267i8,اكتب دعاء الشكر بخط جميل,Write the supplication of thanks in neat handwriting,شکر کی دعا خوبصورت خط میں لکھیں,Şükür duasını güzel bir yazıyla yaz,شۈكرى دۇئاسىنى چىرايلىق خەت بىلەن يېزىڭ
tpl,t1w9ipri,على من نتوكل؟,In whom do we place our trust?,ہم کس پر بھروسہ کرتے ہیں؟,Kime tevekkül ederiz?,بىز كىمگە تايىنىمىز؟
tpl,t1p2zm9r,شكّل: حَسْبُه,Add diacritics to: حَسْبُه,اعراب لگائیں: حَسْبُه,Harekele: حَسْبُه,ھەرىكە قويۇڭ: حَسْبُه
tpl,t1ppd238,ما الذي يعلمه الله؟,What does Allah know?,اللہ کیا جانتا ہے؟,Allah neyi bilir?,ئاللاھ نېمىنى بىلىدۇ؟
tpl,t4gs30p,ما رقم سورة الحديد؟,What is the number of Surah Al-Hadid?,سورۃ الحدید کا نمبر کیا ہے؟,Hadid suresinin numarası nedir?,ھەدىد سۈرىسىنىڭ نومۇرى نېمە؟
tpl,t1poio78,فصّل: الغَيْب =,Break down (spell out): الغَيْب =,تفصیل بتائیں: الغَيْب =,Detaylandır: الغَيْب =,تەپسىلىي يېزىڭ: الغَيْب =
tpl,t1kn3k7g,شكّل: الشهادة,Add diacritics to: الشهادة,اعراب لگائیں: الشهادة,Harekele: الشهادة,ھەرىكە قويۇڭ: الشهادة
tpl,t1weglev,آخر كلمة في السورة؟,Last word in the surah?,سورت کا آخری لفظ؟,Suredeki son kelime?,سۈرىدىكى ئاخىرقى سۆز؟
tpl,t14dy87o,من هو رب هذا البيت؟,Who is the Lord of this House?,اس گھر کا رب کون ہے؟,Bu evin Rabbi kimdir?,بۇ ئۆينىڭ پەرۋەردىگارى كىم؟
tpl,t111hh27,تكرار فعل (علّم),Repetition of the verb (علّم),فعل (علّم) کی تکرار,(علّم) fiilinin tekrarı,(علّم) پېئىلىنىڭ تەكرارلىنىشى
tpl,t9tohic,حروف (ق - ل - م) تكوّن,The letters (ق - ل - م) form,حروف (ق - ل - م) سے کیا بنتا ہے,(ق - ل - م) harfleri ne oluşturur,(ق - ل - م) ھەرپلىرى نېمىنى ھاسىل قىلىدۇ
tpl,t1seds92,فعل أمر بالسورة,An imperative verb in the surah,سورت میں فعل امر,Surede bir emir fiili,سۈرىدىكى بۇيرۇق پېئىلى
tpl,t1um17dn,أين نزل الوحي أول مرة؟,Where was revelation first sent down?,وحی سب سے پہلے کہاں نازل ہوئی؟,Vahiy ilk kez nerede indi?,ۋەھىي دەسلەپتە نەدە چۈشتى؟
tpl,t1lphwsp,تلوين كلمة (اقرأ) بالسورة ✓,Color the word (اقرأ) in the surah ✓,سورت میں لفظ (اقرأ) کو رنگ دیں ✓,Surede (اقرأ) kelimesini boya ✓,سۈرىدە (اقرأ) سۆزىنى بويايدۇ ✓
tpl,t1dxdwrk,ارسم (ساعة) للوقت,Draw (a clock) for the time,وقت کے لیے (گھڑی) بنائیں,Zaman için (bir saat) çiz,ۋاقىت ئۈچۈن (سائەت) سىزىڭ
tpl,t171zrzv,بماذا أقسم الله في البداية؟,What did Allah swear by at the beginning?,اللہ نے شروع میں کس چیز کی قسم کھائی؟,Allah başlangıçta neye yemin etti?,ئاللاھ باشتا نېمە بىلەن قەسەم قىلدى؟
tpl,ttntmiu,هات فعل ماضي (زلزلت),Give the past tense form of (زلزلت),(زلزلت) کا فعل ماضی بتائیں,(زلزلت) fiilinin geçmiş zaman halini ver,(زلزلت) نىڭ ئۆتكەن زامان پېئىلىنى بېرىڭ
tpl,tejbg23,من الذي أوحى للأرض؟,Who inspired the earth?,زمین کو کس نے وحی کی؟,Yeryüzüne kim vahyetti?,زېمىنغا كىم ۋەھىي قىلدى؟
tpl,t7tuyzd,شكّل حرف (ل) في (الفيل),Add the diacritic to the letter (ل) in (الفيل),(الفيل) میں حرف (ل) پر اعراب لگائیں,(الفيل) içindeki (ل) harfini harekele,(الفيل) دىكى (ل) ھەرپىگە ھەرىكە قويۇڭ
tpl,t40w3fk,أطول كلمة في السورة =,Longest word in the surah =,سورت کا سب سے لمبا لفظ =,Suredeki en uzun kelime =,سۈرىدىكى ئەڭ ئۇزۇن سۆز =
tpl,t1gcsq2f,كم مرة ذُكر اسم (الله) في السورة؟,How many times is the name (الله) mentioned in the surah?,سورت میں اسم (الله) کتنی بار آیا ہے؟,Surede (الله) ismi kaç kez geçiyor?,سۈرىدە (الله) ئىسمى قانچە قېتىم تىلغا ئېلىنغان؟
tpl,t1uz6yjm,يأمر : _ _ _ _,يأمر : _ _ _ _,يأمر : _ _ _ _,يأمر : _ _ _ _,يأمر : _ _ _ _
tpl,t1pd24v1,اذكر مثالًا على الإحسان مع والديك,Give an example of kindness to your parents,اپنے والدین کے ساتھ حسن سلوک کی ایک مثال بتائیں,Ebeveynlerine iyilik yapmaktan bir örnek ver,ئاتا-ئاناڭىزغا ياخشىلىق قىلىشتىن بىر مىسال كۆرسىتىڭ
tpl,t1kofafz,كيف نتعامل مع اليتيم بعد هذه السورة؟,How should we treat the orphan after this surah?,اس سورت کے بعد ہم یتیم کے ساتھ کیسا سلوک کریں؟,Bu sureden sonra yetime nasıl davranmalıyız?,بۇ سۈرىدىن كېيىن يېتىمگە قانداق مۇئامىلە قىلىشىمىز كېرەك؟
tpl,tmfv4yr,ما جزاء من أعطى واتقى وصدق بالحسنى؟,"What is the reward of one who gives, is God-fearing, and believes in the best reward?",جو دیتا ہے، تقویٰ اختیار کرتا ہے اور بھلائی کی تصدیق کرتا ہے، اس کا صلہ کیا ہے؟,"Veren, sakınan ve en güzeli tasdik edenin mükâfatı nedir?",بەرگۈچى، تەقۋادار بولغۇچى ۋە ئەڭ ياخشىسىنى تەستىقلىغۇچىنىڭ مۇكاپاتى نېمە؟
tpl,txzc01w,اذكر نعمتين ذكرتهما السورة من نعم الله علينا:,Mention two blessings of Allah upon us that the surah mentions:,سورت میں مذکور اللہ کی دو نعمتوں کا ذکر کریں جو ہم پر ہیں:,"Surede zikredilen, Allah'ın bize verdiği iki nimeti belirt:",سۈرىدە تىلغا ئېلىنغان، ئاللاھنىڭ بىزگە بەرگەن ئىككى نېمىتىنى كۆرسىتىڭ:
tpl,t1rfzkz2,ماذا حدث ليونس عليه السلام بعد هذا الدعاء؟,"What happened to Yunus, peace be upon him, after this supplication?",اس دعا کے بعد یونس علیہ السلام کے ساتھ کیا ہوا؟,Bu duadan sonra Yunus'a (a.s.) ne oldu?,بۇ دۇئادىن كېيىن يۇنۇس ئەلەيھىسسالامغا نېمە بولدى؟
tpl,tboa0wc,ما الدرس المستفاد من قصة يونس عليه السلام؟,"What is the lesson learned from the story of Yunus, peace be upon him?",یونس علیہ السلام کے واقعے سے کیا سبق ملتا ہے؟,Yunus'un (a.s.) kıssasından çıkarılan ders nedir?,يۇنۇس ئەلەيھىسسالام قىسسىسىدىن قانداق ئىبرەت ئالىمىز؟
tpl,td5ijmz,متى تنتهي ليلة القدر؟,When does Laylat al-Qadr end?,لیلۃ القدر کب ختم ہوتی ہے؟,Kadir Gecesi ne zaman sona erer?,قەدر كېچىسى قاچان ئاخىرلىشىدۇ؟
tpl,t1jtvwy9,(الذي) في الآية الثانية: اسم أم حرف؟,(الذي) in the second ayah: a noun or a particle?,دوسری آیت میں (الذي): اسم ہے یا حرف؟,İkinci ayetteki (الذي): isim mi harf mi?,ئىككىنچى ئايەتتىكى (الذي): ئات مۇ ياكى ھەرپ مۇ؟
tpl,tvb1fr0,ماذا يجب أن نفعل مع اليتيم والمسكين؟,What must we do for the orphan and the poor?,ہمیں یتیم اور مسکین کے ساتھ کیا کرنا چاہیے؟,Yetim ve fakire karşı ne yapmalıyız?,يېتىم ۋە موھتاجلارغا نېمە قىلىشىمىز كېرەك؟
tpl,t74qtaf,(ما) الاستفهامية في «وَمَا أَدْرَاكَ»: اسم أم حرف؟,The interrogative (ما) in «وَمَا أَدْرَاكَ»: a noun or a particle?,«وَمَا أَدْرَاكَ» میں استفہامیہ (ما): اسم ہے یا حرف؟,«وَمَا أَدْرَاكَ» ifadesindeki soru edatı (ما): isim mi harf mi?,«وَمَا أَدْرَاكَ» دىكى سوئال ھەرپى (ما): ئات مۇ ياكى ھەرپ مۇ؟
tpl,t1ocbugt,ما مصير الفجّار يوم الدين؟,What is the fate of the wicked on the Day of Judgment?,فاجروں کا انجام قیامت کے دن کیا ہوگا؟,Facirlerin Din Gününde akıbeti nedir?,گۇناھكارلارنىڭ قىيامەت كۈنىدىكى ئاقىۋىتى نېمە؟
tpl,tv5gf5a,بمن يرمز الكواكب والشمس والقمر في رؤيا يوسف؟,"Who do the planets, the sun, and the moon symbolize in Yusuf's dream?",یوسف علیہ السلام کے خواب میں ستارے، سورج اور چاند کس کی علامت ہیں؟,"Yusuf'un rüyasında gezegenler, güneş ve ay kimi simgeler?",يۇسۇفنىڭ چۈشىدە يۇلتۇزلار، قۇياش ۋە ئاي كىمنى بىلدۈرىدۇ؟
tpl,t6jvua0,صف مشاعر يعقوب عليه السلام تجاه رؤيا ابنه,"Describe Ya'qub's feelings, peace be upon him, toward his son's dream",یعقوب علیہ السلام کے اپنے بیٹے کے خواب کے بارے میں جذبات بیان کریں,Yakup'un (a.s.) oğlunun rüyasına karşı hislerini anlat,ياقۇپ ئەلەيھىسسالامنىڭ ئوغلىنىڭ چۈشىگە بولغان تۇيغۇلىرىنى بايان قىلىڭ
tpl,t1f4alrg,بم وعد الله أم موسى في آخر الآية؟,What did Allah promise Musa's mother at the end of the ayah?,آیت کے آخر میں اللہ نے موسیٰ علیہ السلام کی والدہ سے کیا وعدہ کیا؟,"Allah, ayetin sonunda Musa'nın annesine ne vaat etti?",ئاللاھ ئايەتنىڭ ئاخىرىدا مۇسانىڭ ئانىسىغا نېمە ۋەدە قىلدى؟
tpl,tbi7gpx,كيف كانت نهاية موسى في اليمّ بعد إلقائه؟,What was the outcome for Musa in the river after he was cast into it?,موسیٰ علیہ السلام کو دریا میں ڈالنے کے بعد ان کا انجام کیا ہوا؟,Musa nehre bırakıldıktan sonra sonu ne oldu?,مۇسا دەرياغا تاشلانغاندىن كېيىن ئاقىۋىتى قانداق بولدى؟
tpl,t1r6tih5,كيف عامل الإنسان اليتيم والمسكين كما ذمّته السورة؟,"How did man treat the orphan and the poor, as the surah condemns?",سورت میں مذمت کے مطابق انسان نے یتیم اور مسکین کے ساتھ کیسا سلوک کیا؟,Surede kınandığı gibi insan yetime ve fakire nasıl davrandı?,سۈرىدە ئەيىبلەنگەندەك، ئىنسان يېتىم ۋە موھتاجلارغا قانداق مۇئامىلە قىلدى؟
tpl,t186enuk,ما الحكمة من ذكر الليالي العشر والشفع والوتر؟,"What is the wisdom in mentioning the ten nights, the even, and the odd?",دس راتوں، جفت اور طاق کے ذکر میں کیا حکمت ہے؟,"On geceler, çift ve tekin zikredilmesindeki hikmet nedir?",ئون كېچە، جۈپ ۋە تاق نىڭ تىلغا ئېلىنىشىدىكى ھېكمەت نېمە؟
tpl,t159q6jl,من أي سورة هذه الآية؟,Which surah is this ayah from?,یہ آیت کس سورت کی ہے؟,Bu ayet hangi suredendir?,بۇ ئايەت قايسى سۈرىدىن؟
tpl,tzzr8bo,اذكر مراحل تمثيل النور في الآية (المشكاة، المصباح، ...),"List the stages of the light's imagery in the ayah (the niche, the lamp, ...)",آیت میں نور کی مثال کے مراحل بتائیں (طاق، چراغ، ...),"Ayette nurun temsilinin aşamalarını sırala (kandil yuvası, kandil, ...)",ئايەتتىكى نۇرنىڭ ئوخشىتىش باسقۇچلىرىنى كۆرسىتىڭ (تاقچا، چىراغ، ...)
tpl,t1shi84q,استمع إلى تلاوة الآيات من قارئ متقن، وقارنها بقراءتك ✓,"Listen to a skilled reciter recite the ayat, and compare it with your own recitation ✓",ماہر قاری سے آیات کی تلاوت سنیں اور اپنی قراءت سے موازنہ کریں ✓,Usta bir kâriden ayetlerin tilavetini dinle ve kendi okuyuşunla karşılaştır ✓,ماھىر قارىدىن ئايەتلەرنىڭ تىلاۋىتىنى ئاڭلاڭ ۋە ئۆز ئوقۇشىڭىز بىلەن سېلىشتۇرۇڭ ✓
tpl,tg3voav,ما الحكمة من بعثهم بعد نومهم الطويل؟,What is the wisdom in their being raised after their long sleep?,طویل نیند کے بعد انہیں اٹھانے میں کیا حکمت ہے؟,Uzun uykularından sonra diriltilmelerindeki hikmet nedir?,ئۇزۇن ئۇيقۇدىن كېيىن ئويغىتىلىشىدىكى ھېكمەت نېمە؟
tpl,t1kh5cys,لماذا اعترضت الملائكة على خلق آدم في البداية؟,Why did the angels object to the creation of Adam at first?,فرشتوں نے شروع میں آدم علیہ السلام کی تخلیق پر اعتراض کیوں کیا؟,Melekler başlangıçta Âdem'in yaratılışına neden itiraz etti?,پەرىشتىلەر باشتا ئادەمنىڭ يارىتىلىشىغا نېمىشقا ئېتىراز بىلدۈردى؟
tpl,t11vac21,ما موقف إبليس من أمر السجود؟,What was Iblis's stance regarding the command to prostrate?,سجدے کے حکم پر ابلیس کا موقف کیا تھا؟,İblis'in secde emri karşısındaki tutumu neydi?,ئىبلىسنىڭ سەجدە قىلىش بۇيرۇقىغا بولغان مۇنارىسى قانداق ئىدى؟
tpl,t1u123bl,من الذي أمر بإلقاء إبراهيم في النار؟,Who ordered Ibrahim to be thrown into the fire?,ابراہیم علیہ السلام کو آگ میں ڈالنے کا حکم کس نے دیا؟,İbrahim'in ateşe atılmasını kim emretti?,ئىبراھىمنى ئوتقا تاشلاشقا كىم بۇيرۇدى؟
tpl,t9sx4yf,ما معنى قول الله (فجعلناهم الأخسرين)؟,What does Allah's statement (فجعلناهم الأخسرين) mean?,اللہ کے قول (فجعلناهم الأخسرين) کا کیا مطلب ہے؟,Allah'ın (فجعلناهم الأخسرين) sözünün anlamı nedir?,ئاللاھنىڭ (فجعلناهم الأخسرين) دېگەن سۆزىنىڭ مەنىسى نېمە؟
tpl,t15g8cfy,من هي الملكة التي ذكرها الهدهد؟,Who is the queen that the hoopoe mentioned?,وہ ملکہ کون تھی جس کا ذکر ہدہد نے کیا؟,Hüdhüd'ün bahsettiği kraliçe kimdir?,ھۆپۈپ تىلغا ئالغان مەلىكە كىم؟
tpl,t63d3s6,ما اسم ملكة سبأ التي ورد ذكرها لاحقًا في السورة؟,What is the name of the Queen of Sheba mentioned later in the surah?,سورت میں بعد میں مذکور ملکہ سبا کا نام کیا ہے؟,Surede daha sonra bahsedilen Sebe kraliçesinin adı nedir?,سۈرىدە كېيىن تىلغا ئېلىنغان سەبە مەلىكىسىنىڭ ئىسمى نېمە؟
tpl,t99grfy,من الذي اختبر الله به جنود طالوت؟,With what did Allah test the soldiers of Talut?,اللہ نے طالوت کے لشکر کو کس چیز سے آزمایا؟,"Allah, Talut'un askerlerini neyle imtihan etti?",ئاللاھ تالۇتنىڭ ئەسكەرلىرىنى نېمە بىلەن سىنىدى؟
tpl,t71fh7h,ماذا أعطى الله داود عليه السلام بعد النصر؟,"What did Allah give Dawud, peace be upon him, after the victory?",فتح کے بعد اللہ نے داود علیہ السلام کو کیا عطا کیا؟,"Allah, zaferden sonra Davud'a (a.s.) ne verdi?",ئاللاھ غەلىبىدىن كېيىن داۋۇت ئەلەيھىسسالامغا نېمە ئاتا قىلدى؟
tpl,t6a8635,بمن نادى أيوب عليه السلام في محنته؟,"Whom did Ayyub, peace be upon him, call upon during his trial?",ایوب علیہ السلام نے اپنی آزمائش میں کسے پکارا؟,Eyyüp (a.s.) sıkıntısında kime seslendi?,ئەييۇب ئەلەيھىسسالام سىناقتا كىمگە نىدا قىلدى؟
tpl,tr2b9og,ما الدرس المستفاد من صبر أيوب عليه السلام؟,"What is the lesson learned from Ayyub's patience, peace be upon him?",ایوب علیہ السلام کے صبر سے کیا سبق ملتا ہے؟,Eyyüp'ün (a.s.) sabrından çıkarılan ders nedir?,ئەييۇب ئەلەيھىسسالامنىڭ سەۋرىدىن قانداق ئىبرەت ئالىمىز؟
tpl,t310j1a,ما اسم الغلام الذي بُشّر به زكريا؟,What is the name of the boy Zakariyya was given glad tidings of?,اس لڑکے کا نام کیا ہے جس کی بشارت زکریا علیہ السلام کو دی گئی؟,Zekeriyya'ya müjdelenen çocuğun adı nedir?,زەكەرىيياغا خۇش خەۋەر بېرىلگەن بالىنىڭ ئىسمى نېمە؟
tpl,t1c0ravy,كيف ردّ الله على استغراب زكريا؟,How did Allah respond to Zakariyya's astonishment?,زکریا علیہ السلام کی حیرانی پر اللہ نے کیا جواب دیا؟,"Allah, Zekeriyya'nın şaşkınlığına nasıl karşılık verdi?",ئاللاھ زەكەرىيانىڭ ھەيرانلىقىغا قانداق جاۋاب بەردى؟
tpl,t1lbz9ki,ما جزاء المتقين كما وصفته السورة؟,What is the reward of the God-fearing as described in the surah?,سورت میں بیان کردہ متقین کا صلہ کیا ہے؟,Surede tarif edildiği gibi takva sahiplerinin mükâfatı nedir?,سۈرىدە بايان قىلىنغان تەقۋادارلارنىڭ مۇكاپاتى نېمە؟
tpl,tjcx35p,لماذا لا يملك أحد الكلام يوم القيامة إلا بإذن الله؟,Why can no one speak on the Day of Judgment except by Allah's permission?,قیامت کے دن اللہ کی اجازت کے بغیر کسی کو بولنے کا اختیار کیوں نہیں ہوگا؟,"Kıyamet Günü, Allah'ın izni olmadan neden kimse konuşamaz?",قىيامەت كۈنى نېمىشقا ئاللاھنىڭ ئىزنىسىز ھېچكىم سۆزلىيەلمەيدۇ؟
tpl,t1060p5i,بم دعا موسى فرعون؟,What did Musa call Pharaoh to?,موسیٰ علیہ السلام نے فرعون کو کس چیز کی دعوت دی؟,"Musa, Firavun'u neye davet etti?",مۇسا پىرئەۋننى نېمىگە دەۋەت قىلدى؟
tpl,ti1hh15,ما جزاء من خاف مقام ربه ونهى نفسه عن الهوى؟,What is the reward of one who feared standing before his Lord and restrained his soul from desire?,جو اپنے رب کے سامنے کھڑے ہونے سے ڈرا اور نفس کو خواہش سے روکا، اس کا صلہ کیا ہے؟,Rabbinin huzurunda durmaktan korkup nefsini hevadan alıkoyanın mükâfatı nedir?,پەرۋەردىگارىنىڭ ئالدىدا تۇرۇشتىن قورقۇپ، نەپسىنى ھەۋەستىن توسقۇچىنىڭ مۇكاپاتى نېمە؟
tpl,t6sueti,ماذا نتعلم من عتاب الله للنبي في هذه القصة؟,What do we learn from Allah's reproach of the Prophet in this story?,اس واقعے میں اللہ کی نبی صلی اللہ علیہ وسلم کو تنبیہ سے ہم کیا سیکھتے ہیں؟,Bu kıssada Allah'ın Peygamber'i uyarmasından ne öğreniriz?,بۇ قىسسىدە ئاللاھنىڭ پەيغەمبەرگە بەرگەن تەنبىھىدىن نېمە ئۆگىنىمىز؟
tpl,t1w1sa3y,صف حال الوجوه التي عليها غبرة يوم القيامة,Describe the state of the faces covered with dust on the Day of Judgment,قیامت کے دن گرد آلود چہروں کی حالت بیان کریں,Kıyamet Günü üzerinde toz olan yüzlerin halini anlat,قىيامەت كۈنى چاڭ-توزان بېسىلغان چىرايلارنىڭ ھالىنى بايان قىلىڭ
tpl,t1tl1ryh,ما معنى (سجّين) و(عليّون)؟,What is the meaning of (سجّين) and (عليّون)?,(سجّين) اور (عليّون) کا کیا مطلب ہے؟,(سجّين) ve (عليّون) ne anlama gelir?,(سجّين) ۋە (عليّون) نىڭ مەنىسى نېمە؟
tpl,tyw1j6l,ماذا يحدث للمؤمنين والكفار يوم القيامة (من يضحك على من)؟,What happens to the believers and disbelievers on the Day of Judgment (who laughs at whom)?,قیامت کے دن مومنوں اور کافروں کے ساتھ کیا ہوگا (کون کس پر ہنسے گا)؟,Kıyamet Günü müminlere ve kâfirlere ne olur (kim kime güler)?,قىيامەت كۈنى مۆمىنلەر ۋە كاپىرلارغا نېمە بولىدۇ (كىم كىمگە كۈلىدۇ)؟
tpl,t1aam96u,صف حال من يأخذ كتابه بيمينه,Describe the state of one who receives his record in his right hand,جو اپنا نامہ اعمال دائیں ہاتھ میں لے، اس کی حالت بیان کریں,Kitabını sağ eline alanın halini anlat,دەپتىرىنى ئوڭ قولىغا ئالغۇچىنىڭ ھالىنى بايان قىلىڭ
tpl,twsnry9,كيف يكون حساب من أوتي كتابه بيمينه؟,How will the reckoning be for one given his record in his right hand?,جسے نامہ اعمال دائیں ہاتھ میں دیا جائے، اس کا حساب کیسا ہوگا؟,Kitabı sağından verilenin hesabı nasıl olur?,دەپتىرى ئوڭ تەرىپىدىن بېرىلگۈچىنىڭ ھېسابى قانداق بولىدۇ؟
tpl,trrebpe,ما جزاء من فتن المؤمنين ولم يتب؟,What is the punishment for one who persecuted the believers and did not repent?,جس نے مومنوں پر ظلم کیا اور توبہ نہ کی، اس کی سزا کیا ہے؟,Müminlere zulmedip tövbe etmeyenin cezası nedir?,مۆمىنلەرگە زۇلۇم قىلىپ تەۋبە قىلمىغانلارنىڭ جازاسى نېمە؟
tpl,t1640ocz,بمن أمر الله نبيه أن يسبّح اسمه في بداية السورة؟,Whom did Allah command His Prophet to glorify by name at the start of the surah?,سورت کے آغاز میں اللہ نے اپنے نبی کو کس کے نام کی تسبیح کا حکم دیا؟,"Allah, surenin başında Peygamberine kimin ismini tesbih etmesini emretti?",سۈرىنىڭ بېشىدا ئاللاھ پەيغەمبىرىگە كىمنىڭ ئىسمىنى پاك دەپ ئېيتىشنى بۇيرۇدى؟
tpl,t40ejv5,في أي كتب سابقة ورد هذا المعنى كما ذكرت السورة؟,"In which earlier scriptures did this meaning appear, as the surah mentions?",سورت کے مطابق یہ مضمون پہلی کتابوں میں سے کن میں آیا ہے؟,Surede belirtildiği gibi bu anlam hangi önceki kitaplarda geçmiştir?,سۈرىدە ئېيتىلغاندەك، بۇ مەزمۇن قايسى ئىلگىرىكى كىتابلاردا بار؟
tpl,t9kn7eg,لماذا كرّر الله ذكر (العسر واليسر) مرتين في السورة؟,Why did Allah repeat the mention of (hardship and ease) twice in the surah?,اللہ نے سورت میں (عسر و یسر) کا ذکر دو بار کیوں دہرایا؟,"Allah, surede (zorluk ve kolaylığı) neden iki kez zikretti?",ئاللاھ سۈرىدە (قىيىنچىلىق ۋە ئاسانلىقنى) نېمىشقا ئىككى قېتىم تىلغا ئالدى؟
tpl,t1b7jbj7,كيف نطبق هذه السورة عند مواجهة الصعوبات؟,How do we apply this surah when facing difficulties?,مشکلات کا سامنا کرتے وقت ہم اس سورت کو کیسے عملی جامہ پہنائیں؟,Zorluklarla karşılaşınca bu sureyi nasıl uygularız?,قىيىنچىلىقلارغا دۇچ كەلگەندە بۇ سۈرىنى قانداق تەتبىقلايمىز؟
tpl,tu0u334,من هو عدو الله بالسورة؟,Who is the enemy of Allah in the surah?,سورت میں اللہ کا دشمن کون ہے؟,Surede Allah'ın düşmanı kimdir?,سۈرىدە ئاللاھنىڭ دۈشمىنى كىم؟
tpl,tikdng4,شكّل حرف (ق) في (القارعة),Add the diacritic to the letter (ق) in (القارعة),(القارعة) میں حرف (ق) پر اعراب لگائیں,(القارعة) içindeki (ق) harfini harekele,(القارعة) دىكى (ق) ھەرپىگە ھەرىكە قويۇڭ
tpl,tg8dkns,غاسق : __ + __ + __ + __,Ghasiq: __ + __ + __ + __,غاسِق: __ + __ + __ + __,Ğâsiq: __ + __ + __ + __,غاسىق: __ + __ + __ + __
tpl,t14610yz,كيف تحمينا هذه السورة؟,How does this surah protect us?,یہ سورت ہمیں کیسے تحفظ دیتی ہے؟,Bu sure bizi nasıl korur?,بۇ سۈرە بىزنى قانداق قوغدايدۇ؟
tpl,t1hqc6ew,آخر كلمة في السورة,Last word in the surah,سورت کا آخری لفظ,Suredeki son kelime,سۈرىدىكى ئاخىرقى سۆز
tpl,t67x83b,كلمة بها (ب) مشددة,A word with a doubled (ب),مشدد (ب) والا لفظ,Şeddeli (ب) harfini içeren bir kelime,شەددىلىك (ب) بار سۆز
tpl,t1ysreaz,مرادف (أشقاها),Synonym of (أشقاها),(أشقاها) کا مترادف,(أشقاها) kelimesinin eş anlamlısı,(أشقاها) نىڭ مۇرادىپى
tpl,t1qd9ctg,متى يتلو القمر الشمس؟,When does the moon follow the sun?,چاند سورج کی پیروی کب کرتا ہے؟,Ay güneşi ne zaman izler?,ئاي كۈننى قاچان ئەگىشىدۇ؟
tpl,t1cv3jb8,ارسم (شمسًا وقمرًا) هنا:,Draw (a sun and a moon) here:,یہاں (سورج اور چاند) بنائیں:,Buraya (bir güneş ve bir ay) çiz:,بۇ يەرگە (كۈن ۋە ئاي) نى سىزىڭ:
tpl,t7rxvsy,هل يخاف الله عاقبة عذابهم؟,Does Allah fear the consequence of punishing them?,کیا اللہ کو ان کے عذاب کے انجام کا خوف ہے؟,Allah onları cezalandırmanın sonucundan korkar mı?,ئاللاھ ئۇلارنى جازالاشنىڭ ئاقىۋىتىدىن قورقامدۇ؟
tpl,tbaes15,أول كلمة بالسورة,First word in the surah,سورت کا پہلا لفظ,Suredeki ilk kelime,سۈرىدىكى بىرىنچى سۆز
tpl,txsfhhy,حرف (ق) تكرر كم مرة؟,How many times is the letter (ق) repeated?,حرف (ق) کتنی بار آیا؟,(ق) harfi kaç kez tekrarlanıyor?,(ق) ھەرپى قانچە قېتىم تەكرارلانغان؟
tpl,t1hrgeur,بماذا أقسم الله أولًا؟,What did Allah swear by first?,اللہ نے سب سے پہلے کس چیز کی قسم کھائی؟,Allah ilk olarak neye yemin etti?,ئاللاھ ئالدى بىلەن نېمە بىلەن قەسەم قىلدى؟
tpl,t1hr5gfh,أكمل: ثم رددناه أسفل ___,Complete: Then We returned him to the lowest ___,مکمل کریں: پھر ہم نے اسے سب سے نیچے ___ کی طرف لوٹا دیا,Tamamla: Sonra onu en aşağı ___ döndürdük,تولۇقلاڭ: ئاندىن ئۇنى ئەڭ تۆۋەن ___ گە قايتۇردۇق
tpl,t5rtuiz,بماذا يذكرنا التين؟,What does the fig remind us of?,انجیر ہمیں کس چیز کی یاد دلاتا ہے؟,İncir bize neyi hatırlatır?,ئەنجۈر بىزگە نېمىنى ئەسلىتىدۇ؟
tpl,ttpbz2p,استخرج كلمة تبدأ بـ ( ب ) =,Find a word starting with ( ب ) =,( ب ) سے شروع ہونے والا لفظ تلاش کریں =,( ب ) ile başlayan bir kelime bul =,( ب ) بىلەن باشلانغان سۆزنى تېپىڭ =
tpl,t2crlm3,ماذا يحدث للجبال؟,What happens to the mountains?,پہاڑوں کے ساتھ کیا ہوتا ہے؟,Dağlara ne olur?,تاغلارغا نېمە بولىدۇ؟
tpl,tl5iepo,ما هي (العِشار)؟,What is (العِشار)?,(العِشار) کیا ہے؟,(العِشار) nedir?,(العِشار) دېگەن نېمە؟
tpl,t16aowg,ما هو «الضريع»؟,What is «الضريع»?,«الضريع» کیا ہے؟,«الضريع» nedir?,«الضريع» دېگەن نېمە؟
tpl,t1opqk3c,لماذا خضعت هذه الوجوه؟,Why are these faces humbled?,یہ چہرے کیوں جھکے ہوئے ہیں؟,Bu yüzler neden zillet içindedir?,بۇ چىراقلار نېمە ئۈچۈن خارلانغان؟
tpl,tzhhe1,بماذا هي راضية؟,With what is it pleased?,وہ کس چیز سے راضی ہے؟,Neyle hoşnuttur?,ئۇ نېمىدىن رازى؟
tpl,tl862jl,ما هي «الأكواب الموضوعة»؟,What are the «cups set out»?,«الأكواب الموضوعة» کیا ہیں؟,«Hazırlanmış kadehler» nedir?,«قويۇلغان چىنىلار» دېگەن نېمە؟
tpl,t1jpuro4,كيف خُلقت (الإبل)؟,How were (camels) created?,(اونٹ) کیسے پیدا کیے گئے؟,(Develer) nasıl yaratıldı?,(تۆگىلەر) قانداق يارىتىلغان؟
tpl,t1awie07,ما معنى «لست عليهم بمصيطر»؟,What does «you are not a controller over them» mean?,«لست عليهم بمصيطر» کا کیا مطلب ہے؟,«Sen onlara zorba değilsin» ne anlama gelir?,«سەن ئۇلارغا زوراۋان ئەمەسسەن» نىڭ مەنىسى نېمە؟
tpl,t1qsm06q,ما الحكمة من ذكر الإبل؟,What is the wisdom in mentioning camels?,اونٹ کا ذکر کرنے میں کیا حکمت ہے؟,Develerin zikredilmesindeki hikmet nedir?,تۆگىنى تىلغا ئېلىشتىكى ھېكمەت نېمە؟
tpl,t1k0hgxi,جيدها : __ + __ + __ + __ + __,Jīduhā: __ + __ + __ + __ + __,جِيدها: __ + __ + __ + __ + __,Cîduhâ: __ + __ + __ + __ + __,جىيدۇھا: __ + __ + __ + __ + __
tpl,t5278ia,تنوين كسر في (مسدٍ),Tanwin kasr in (مسدٍ),(مسدٍ) میں تنوین کسرہ,(مسدٍ) kelimesindeki tenvin kesre,(مسدٍ) دىكى تەنۋىن كەسرە
tpl,t1batyb1,عابد : __ + __ + __ + __,ʿĀbid: __ + __ + __ + __,عَابِد: __ + __ + __ + __,Âbid: __ + __ + __ + __,ئابىد: __ + __ + __ + __
tpl,t3d9eg2,من هم الكافرون؟,Who are the disbelievers?,کافر کون ہیں؟,Kâfirler kimlerdir?,كاپىرلار كىملەر؟
tpl,tsqkrsl,يدخلون : __ + __ + __ + __ + __ + __,Yadkhulūn: __ + __ + __ + __ + __ + __,يَدْخُلُونَ: __ + __ + __ + __ + __ + __,Yedhulûn: __ + __ + __ + __ + __ + __,يەدخۇلۇن: __ + __ + __ + __ + __ + __
tpl,tr7mtv,متى نسبّح الله ونحمده؟,When do we glorify and praise Allah?,ہم اللہ کی تسبیح اور حمد کب کرتے ہیں؟,Allah'ı ne zaman tesbih eder ve hamd ederiz?,ئاللاھقا قاچان تەسبىھ ئېيتىمىز ۋە ھەمدى ئېيتىمىز؟
tpl,t1cb1yug,التكاثر : __+__+__+__+__+__+__,At-Takāthur: __+__+__+__+__+__+__,التَّكَاثُر: __+__+__+__+__+__+__,Tekâsür: __+__+__+__+__+__+__,تەكاسۇر: __+__+__+__+__+__+__
tpl,tav3bnt,أكمل: الـجـحـيـ___,Complete: al-jaḥī___,مکمل کریں: الـجـحـيـ___,Tamamla: el-cahî___,تولۇقلاڭ: ئەل-جەھى___
tpl,t1bztinp,أين سنرى الجحيم؟,Where will we see the Blazing Fire?,ہم جہنم کو کہاں دیکھیں گے؟,Cehennemi nerede göreceğiz?,دوزاخنى نەدە كۆرىمىز؟
tpl,tcvq08z,الأنهار : __+__+__+__+__+__,Al-Anhār: __+__+__+__+__+__,الأنهار: __+__+__+__+__+__,el-Enhâr: __+__+__+__+__+__,ئەل-ئەنھار: __+__+__+__+__+__
tpl,t1nxcvx3,شكّل حرف (ب) في (البينة),Add diacritics to the letter (ب) in (البينة),(البينة) میں حرف (ب) پر اعراب لگائیں,(البينة) kelimesindeki (ب) harfini harekele,(البينة) دىكى (ب) ھەرپىگە ھەرىكە قويۇڭ
tpl,t1cwf00d,هات فعلًا ماضيًا,Give a past-tense verb,ایک ماضی کا فعل بتائیں,Bir geçmiş zaman fiili söyle,بىر ئۆتكەن زامان پېئىلىنى ئېيتىڭ
tpl,tvvo2e8,قراءة بطلاقة لأول 3 آيات ✓,Read the first 3 ayahs fluently ✓,پہلی 3 آیات روانی سے پڑھیں ✓,İlk 3 ayeti akıcı bir şekilde oku ✓,ئالدىنقى 3 ئايەتنى راۋان ئوقۇڭ ✓
tpl,ttokmll,ما الفرق بين (الرحمن) و(الرحيم)؟,What is the difference between (الرحمن) and (الرحيم)?,(الرحمن) اور (الرحيم) میں کیا فرق ہے؟,(الرحمن) ile (الرحيم) arasındaki fark nedir?,(الرحمن) بىلەن (الرحيم) نىڭ پەرقى نېمە؟
tpl,t13g4y24,فصّل: الرَّحيم =,Break down: ar-Raḥīm =,تفصیل بتائیں: الرَّحيم =,Ayır: er-Rahîm =,ئايرىڭ: ئەر-رەھىم =
tpl,tgsayf5,شكّل: الرحمن,Add diacritics: الرحمن,اعراب لگائیں: الرحمن,Harekele: الرحمن,ھەرىكە قويۇڭ: الرحمن
tpl,t11b5m2o,هل البسملة آية من الفاتحة؟,Is the Basmalah an ayah of al-Fatihah?,کیا بسملہ سورۃ الفاتحہ کی آیت ہے؟,Besmele Fatiha'nın bir ayeti midir?,بەسمەلە فاتىھەنىڭ بىر ئايىتىمۇ؟
tpl,ti2500i,أول كلمة في الآية:,First word in the ayah:,آیت کا پہلا لفظ:,Ayetteki ilk kelime:,ئايەتتىكى بىرىنچى سۆز:
tpl,tutdw6d,رقم الآية في السورة؟,The ayah's number in the surah?,سورت میں آیت کا نمبر؟,Suredeki ayet numarası?,سۈرىدىكى ئايەت نومۇرى؟
tpl,t1bhtvm7,متى تقرأ آية الكرسي؟,When do you recite Ayat al-Kursi?,آپ آیت الکرسی کب پڑھتے ہیں؟,Ayetel Kürsi'yi ne zaman okursun?,ئايەتۇل-كۇرسىنى قاچان ئوقۇيسىز؟
tpl,tv2bmfw,فصّل: حَسَنَة =,Break down: ḥasanah =,تفصیل بتائیں: حَسَنَة =,Ayır: hasene =,ئايرىڭ: ھەسەنە =
tpl,tie213v,شكّل: عَذَاب,Add diacritics: ʿadhāb,اعراب لگائیں: عَذَاب,Harekele: azâb,ھەرىكە قويۇڭ: ئازاب
tpl,t1iuoe6z,نَفْسًا : _ _ _ _,Nafsan: _ _ _ _,نَفْسًا: _ _ _ _,Nefsen: _ _ _ _,نەفسەن: _ _ _ _
tpl,tu40ukc,من الذي يُكلَّف؟,Who is burdened?,کس پر بوجھ ڈالا جاتا ہے؟,Kim yükümlü tutulur?,كىم يۈكلىنىدۇ؟
tpl,tazgj6h,شكّل: نَفْسًا,Add diacritics: nafsan,اعراب لگائیں: نَفْسًا,Harekele: nefsen,ھەرىكە قويۇڭ: نەفسەن
tpl,tl6cys9,ما آخر سورة في القرآن؟,What is the last surah in the Quran?,قرآن کی آخری سورت کون سی ہے؟,Kuran'daki son sure hangisidir?,قۇرئاندىكى ئاخىرقى سۈرە قايسى؟
tpl,t1vghi07,آخر حرف في الآية 6 =,Last letter in ayah 6 =,آیت 6 کا آخری حرف =,6. ayetteki son harf =,6-ئايەتتىكى ئاخىرقى ھەرپ =
tpl,tgmz8ey,فصّل: يُسْرًا =,Break down: yusran =,تفصیل بتائیں: يُسْرًا =,Ayır: yüsren =,ئايرىڭ: يۈسرەن =
tpl,tdk2sch,رقم الآيتين؟,The number of the two ayahs?,دونوں آیات کا نمبر؟,İki ayetin numarası?,ئىككى ئايەتنىڭ نومۇرى؟
tpl,t1ol23zb,ما الدرس من هذه الآية؟,What is the lesson from this ayah?,اس آیت سے کیا سبق ملتا ہے؟,Bu ayetten çıkarılan ders nedir?,بۇ ئايەتتىن قانداق ئىبرەت ئالىمىز؟
tpl,tus2hvg,عَذَابِي : _ _ _ _ _,ʿAdhābī: _ _ _ _ _,عَذَابِي: _ _ _ _ _,Azâbî: _ _ _ _ _,ئازابى: _ _ _ _ _
tpl,tqrqvdv,فصّل: شَدِيد =,Break down: shadīd =,تفصیل بتائیں: شَدِيد =,Ayır: şedîd =,ئايرىڭ: شەدىد =
tpl,tm0k5st,شكّل: شَدِيد,Add diacritics: shadīd,اعراب لگائیں: شَدِيد,Harekele: şedîd,ھەرىكە قويۇڭ: شەدىد
tpl,tmpjcta,يَتَوَكَّل : _ _ _ _ _,Yatawakkal: _ _ _ _ _,يَتَوَكَّل: _ _ _ _ _,Yetevekkel: _ _ _ _ _,يەتەۋەككەل: _ _ _ _ _
tpl,t10fc1ae,ما جزاء التوكل؟,What is the reward for trusting in Allah?,توکل کا صلہ کیا ہے؟,Tevekkülün karşılığı nedir?,تەۋەككۈلنىڭ مۇكاپاتى نېمە؟
tpl,tufgg8s,شكّل: بالِغ,Add diacritics: bāligh,اعراب لگائیں: بالِغ,Harekele: bâliğ,ھەرىكە قويۇڭ: بالىغ
tpl,tliqcd5,الباطِن : __ + ____,Al-Bāṭin: __ + ____,الباطِن: __ + ____,el-Bâtın: __ + ____,ئەل-بائىتىن: __ + ____
tpl,t1gpvgym,لماذا الله هو الأول والآخر؟,Why is Allah the First and the Last?,اللہ اول اور آخر کیوں ہے؟,Allah neden İlk ve Son'dur?,ئاللاھ نېمە ئۈچۈن ئەۋۋەل ۋە ئاخىر؟
tpl,tnl4vfh,الله يعلم كل شيء، اذكر مثالًا:,Allah knows everything; give an example:,اللہ ہر چیز جانتا ہے، ایک مثال بتائیں:,"Allah her şeyi bilir, bir örnek ver:",ئاللاھ ھەممىنى بىلىدۇ، بىر مىسال كۆرسىتىڭ:
tpl,txb00ia,فصّل: الشهادة =,Break down: ash-shahādah =,تفصیل بتائیں: الشهادة =,Ayır: eş-şehâde =,ئايرىڭ: ئەش-شەھادە =
tpl,t1een1f3,ما الفرق بين الغيب والشهادة؟,What is the difference between the unseen and the witnessed?,غیب اور شہادت میں کیا فرق ہے؟,Gayb ile şehadet arasındaki fark nedir?,غەيب بىلەن شاھادەتنىڭ پەرقى نېمە؟
tpl,twmovqi,أول (إله) حرف:,First letter of (إله):,(إله) کا پہلا حرف:,(إله) kelimesinin ilk harfi:,(إله) نىڭ بىرىنچى ھەرپى:
tpl,t1jaaoe9,من الذي يوسوس في الصدور؟,Who whispers in people's chests?,سینوں میں وسوسہ کون ڈالتا ہے؟,Göğüslere kim vesvese verir?,كۆكرەكلەرگە كىم ۋەسۋەسە سالىدۇ؟
tpl,t1il8rqi,فليعبدوا : __ + __ + __ + __ + __ + __ + __ + __,Falyaʿbudū: __ + __ + __ + __ + __ + __ + __ + __,فَلْيَعْبُدُوا: __ + __ + __ + __ + __ + __ + __ + __,Felya'büdû: __ + __ + __ + __ + __ + __ + __ + __,فەليەئبۇدۇ: __ + __ + __ + __ + __ + __ + __ + __
tpl,t19d0s6f,ما معنى (البيت) هنا؟,What does (the House) mean here?,یہاں (البيت) کا کیا مطلب ہے؟,Buradaki (Beyt) ne anlama gelir?,بۇ يەردىكى (بەيت) نىڭ مەنىسى نېمە؟
tpl,tp0rhsn,عدد حروف (علق),Number of letters in (علق),(علق) کے حروف کی تعداد,(علق) kelimesindeki harf sayısı,(علق) نىڭ ھەرپ سانى
tpl,tnyihfi,أطول كلمة بالسورة,Longest word in the surah,سورت کا سب سے طویل لفظ,Suredeki en uzun kelime,سۈرىدىكى ئەڭ ئۇزۇن سۆز
tpl,twb0rzq,أول أمر في السورة,First command in the surah,سورت کا پہلا حکم,Suredeki ilk emir,سۈرىدىكى بىرىنچى بۇيرۇق
tpl,t10qihbl,من هو الملاك الذي نزل بها؟,Who is the angel who brought it down?,وہ فرشتہ کون ہے جو اسے لے کر آیا؟,Onu indiren melek kimdir?,ئۇنى چۈشۈرگەن پەرىشتە كىم؟
tpl,t1r1kqo8,كم (ن) في كلمة (الإنسان)؟,How many (ن)s are in the word (الإنسان)?,لفظ (الإنسان) میں کتنے (ن) ہیں؟,(الإنسان) kelimesinde kaç tane (ن) var?,(الإنسان) سۆزىدە قانچە (ن) بار؟
tpl,t1nqho4x,آمنوا : __ + __ + __ + __ + __,Āmanū: __ + __ + __ + __ + __,آمَنُوا: __ + __ + __ + __ + __,Âmenû: __ + __ + __ + __ + __,ئامەنۇ: __ + __ + __ + __ + __
tpl,t1pptlvn,ما هما الشيئان اللذان تواصوا بهما؟,What are the two things they enjoined on each other?,وہ دو چیزیں کیا ہیں جن کی وہ ایک دوسرے کو نصیحت کرتے تھے؟,Birbirlerine tavsiye ettikleri iki şey nedir?,ئۇلار بىر-بىرىگە تەۋسىيە قىلغان ئىككى نەرسە نېمە؟
tpl,t1hw1vsl,كلمة بها (2) حرف =,A word with (2) letters =,(2) حروف والا لفظ =,(2) harfli bir kelime =,(2) ھەرپلىك سۆز =
tpl,t1fb4yrb,أكمل: أشـتـا___ًا,Complete: ashtā___an,مکمل کریں: أشـتـا___ًا,Tamamla: eştâ___en,تولۇقلاڭ: ئەشتا___ەن
tpl,t179prto,هل يضيع عمل الإنسان؟,Is a person's deed ever lost?,کیا انسان کا عمل ضائع ہو جاتا ہے؟,İnsanın ameli boşa gider mi?,ئىنساننىڭ ئەمىلى يوققا كېتەمدۇ؟
tpl,t5viq0u,أبابيل : __ + __ + __ + __ + __ + __,Abābīl: __ + __ + __ + __ + __ + __,أَبَابِيل: __ + __ + __ + __ + __ + __,Ebâbîl: __ + __ + __ + __ + __ + __,ئەبابىل: __ + __ + __ + __ + __ + __
tpl,tw8nmxb,أين كان الفيل ذاهبًا؟,Where was the elephant heading?,ہاتھی کہاں جا رہا تھا؟,Fil nereye gidiyordu?,پىل قەيەرگە بارغىلى تۇراتتى؟
tpl,t1psuhdc,أكمل: شـانِـئَـك,Complete: shāniʾak,مکمل کریں: شـانِـئَـك,Tamamla: şâniek,تولۇقلاڭ: شانىئەك
tpl,te5x6t5,المبثوث : __+__+__+__+__+__+__,Al-Mabthūth: __+__+__+__+__+__+__,المبثوث: __+__+__+__+__+__+__,el-Mebsûs: __+__+__+__+__+__+__,ئەل-مەبسۇس: __+__+__+__+__+__+__
tpl,t97jr2b,كيف يكون الناس يوم القيامة؟,How will people be on the Day of Resurrection?,قیامت کے دن لوگ کیسے ہوں گے؟,Kıyamet günü insanlar nasıl olacak?,قىيامەت كۈنى ئىنسانلار قانداق بولىدۇ؟
tpl,te86459,يولد : __ + __ + __ + __,Yūlad: __ + __ + __ + __,يُولَد: __ + __ + __ + __,Yûled: __ + __ + __ + __,يۇلەد: __ + __ + __ + __
tpl,tjwgrxz,اذكر سورة أخرى تبدأ بـ (قل),Name another surah that begins with (قل),ایک اور سورت بتائیں جو (قل) سے شروع ہوتی ہے,(قل) ile başlayan başka bir sure söyle,(قل) بىلەن باشلانغان يەنە بىر سۈرىنى ئېيتىڭ
tpl,t1b1tc8y,أطول كلمة في الآية =,Longest word in the ayah =,آیت کا سب سے طویل لفظ =,Ayetteki en uzun kelime =,ئايەتتىكى ئەڭ ئۇزۇن سۆز =
tpl,t10e2qvb,كم أمرًا وكم نهيًا في الآية؟,How many commands and how many prohibitions are in the ayah?,آیت میں کتنے احکام اور کتنی ممانعتیں ہیں؟,Ayette kaç emir ve kaç yasak var?,ئايەتتە قانچە بۇيرۇق ۋە قانچە چەكلىمە بار؟
tpl,t1krvm57,كيف وجد الله النبي صلى الله عليه وسلم كما وصفت السورة؟,"How did Allah find the Prophet ﷺ, as this surah describes?",سورت کے مطابق اللہ نے نبی ﷺ کو کس حال میں پایا؟,Bu surenin anlattığına göre Allah Peygamber'i (s.a.v.) nasıl buldu?,سۈرىدە بايان قىلىنغىنىدەك، ئاللاھ پەيغەمبەرىمىزنى (سەللەللاھۇ ئەلەيھى ۋەسسەللەم) قانداق ھالەتتە تاپقان؟
tpl,t5hry17,ما جزاء من بخل واستغنى وكذب بالحسنى؟,"What is the reward for one who is stingy, feels self-sufficient, and denies the best?",جو بخل کرے، بے پروائی برتے اور اچھی بات کو جھٹلائے، اس کا انجام کیا ہے؟,"Cimrilik eden, kendini müstağni gören ve en güzeli yalanlayanın cezası nedir?",بېخىللىق قىلغان، ئۆزىنى موھتاج ئەمەس دەپ قارىغان ۋە ئەڭ ياخشى ئىشنى ئىنكار قىلغان كىشىنىڭ ئاقىۋىتى نېمە؟
tpl,ti5957h,(ما) في «وَمَا أَدْرَاكَ»: اسم أم حرف؟,(ما) in «wa mā adrāka»: a noun or a particle?,«وَمَا أَدْرَاكَ» میں (ما): اسم ہے یا حرف؟,«وَمَا أَدْرَاكَ» ifadesindeki (ما): isim mi harf mi?,«وَمَا أَدْرَاكَ» دىكى (ما): ئىسىممۇ ياكى ھەرپمۇ؟
tpl,thqpryu,ما هما (النجدان) اللذان هداهما الله للإنسان؟,What are the two (paths) that Allah showed to man?,وہ دونوں (راستے) کیا ہیں جو اللہ نے انسان کو دکھائے؟,Allah'ın insana gösterdiği iki (yol) nedir?,ئاللاھ ئىنسانغا كۆرسەتكەن ئىككى (يول) نېمە؟
tpl,tkecu54,سُبْحَانَكَ : __ + __ + __ + __ + __ + __ + __,Subḥānaka: __ + __ + __ + __ + __ + __ + __,سُبْحَانَكَ: __ + __ + __ + __ + __ + __ + __,Sübhâneke: __ + __ + __ + __ + __ + __ + __,سۇبھانەكە: __ + __ + __ + __ + __ + __ + __
tpl,t1bhcxgv,آخر كلمة في الآيتين:,Last word in the two ayahs:,دونوں آیات کا آخری لفظ:,İki ayetteki son kelime:,ئىككى ئايەتتىكى ئاخىرقى سۆز:
tpl,tbql4qv,متى يستجيب الله دعاء عبده كما استجاب ليونس؟,"When does Allah answer His servant's prayer, as He answered Yunus?",اللہ اپنے بندے کی دعا کب قبول کرتا ہے، جیسے یونس علیہ السلام کی قبول کی؟,"Allah, Yunus'un duasını kabul ettiği gibi kulunun duasını ne zaman kabul eder?",ئاللاھ يۇنۇسنىڭ دۇئاسىنى قوبۇل قىلغاندەك، بەندىسىنىڭ دۇئاسىنى قاچان قوبۇل قىلىدۇ؟
tpl,tg9hluz,أَنْزَلْنَاهُ : __ + __ + __ + __ + __ + __ + __,Anzalnāhu: __ + __ + __ + __ + __ + __ + __,أَنْزَلْنَاهُ: __ + __ + __ + __ + __ + __ + __,Enzelnâhü: __ + __ + __ + __ + __ + __ + __,ئەنزەلنائۇ: __ + __ + __ + __ + __ + __ + __
tpl,t1ln742u,لماذا نحرص على قيام ليلة القدر؟,Why do we make an effort to stand in prayer on Laylat al-Qadr?,ہم لیلۃ القدر میں قیام کا اہتمام کیوں کرتے ہیں؟,Kadir gecesini ihya etmeye neden özen gösteririz?,بىز نېمە ئۈچۈن قەدر كېچىسىدە ئىبادەت قىلىشقا كۈچىمىز؟
tpl,t1w8hwvr,من هو (الهمزة اللمزة) المقصود بالذم في السورة؟,Who is (the slanderer and backbiter) condemned in this surah?,سورت میں (الهمزة اللمزة) سے کس کو مذمت کا نشانہ بنایا گیا ہے؟,Surede kınanan (dedikoducu ve kaş göz işareti yapan kimse) kimdir?,سۈرىدە ئەيىبلەنگەن (غەيۋەت ۋە مەسخىرە قىلغۇچى) كىم؟
tpl,tg0qr0z,صَلَاتِهِمْ : __ + __ + __ + __ + __ + __ + __,Ṣalātihim: __ + __ + __ + __ + __ + __ + __,صَلَاتِهِمْ: __ + __ + __ + __ + __ + __ + __,Salâtihim: __ + __ + __ + __ + __ + __ + __,سالاتىھىم: __ + __ + __ + __ + __ + __ + __
tpl,tvco7zl,لماذا وصف الله المصلين بالويل رغم صلاتهم؟,"Why did Allah warn those who pray with woe, despite their prayer?",نماز پڑھنے کے باوجود اللہ نے نمازیوں کے لیے 'ویل' کیوں کہا؟,Namaz kılmalarına rağmen Allah namaz kılanları neden 'veyl' ile nitelendirdi?,ناماز ئوقۇسىمۇ، ئاللاھ نامازخانلارنى نېمە ئۈچۈن 'ۋەيل' بىلەن ئاگاھلاندۇردى؟
tpl,t9su5d2,مم خُلق الإنسان كما ذكرت السورة؟,"What was man created from, as this surah mentions?",سورت کے مطابق انسان کس چیز سے پیدا کیا گیا؟,Bu surenin belirttiğine göre insan neden yaratıldı?,سۈرىدە بايان قىلىنغىنىدەك، ئىنسان نېمىدىن يارىتىلغان؟
tpl,t1f0u712,الْكَوَاكِبُ : __ + __ + __ + __ + __ + __ + __,Al-Kawākibu: __ + __ + __ + __ + __ + __ + __,الْكَوَاكِبُ: __ + __ + __ + __ + __ + __ + __,el-Kevâkibü: __ + __ + __ + __ + __ + __ + __,ئەل-كەۋاكىبۇ: __ + __ + __ + __ + __ + __ + __
tpl,ttjn9n0,ماذا يفعل الحفظة الكاتبون؟,What do the recording angels do?,لکھنے والے محافظ فرشتے کیا کرتے ہیں؟,Yazıcı koruyucu melekler ne yapar?,خاتىرىلىگۈچى ساقلىغۇچى پەرىشتىلەر نېمە قىلىدۇ؟
tpl,t1eykxus,من القائل في هذه الآية؟,Who is the speaker in this ayah?,اس آیت میں بولنے والا کون ہے؟,Bu ayette konuşan kimdir?,بۇ ئايەتتە سۆزلىگۈچى كىم؟
tpl,t10vsdso,لماذا نهى يعقوب عليه السلام يوسف عن ذكر هذه الرؤيا لإخوته؟,Why did Yaqub forbid Yusuf from telling his brothers about this dream?,یعقوب علیہ السلام نے یوسف کو یہ خواب بھائیوں کو بتانے سے کیوں منع کیا؟,"Yakub, Yusuf'u bu rüyayı kardeşlerine anlatmaktan neden men etti?",يەئقۇب ئەلەيھىسسالام يۇسۇفنى بۇ چۈشنى قېرىنداشلىرىغا ئېيتىشتىن نېمە ئۈچۈن توستى؟
tpl,tbhoivm,مُوسَىٰ : __ + __ + __ + __,Mūsā: __ + __ + __ + __,مُوسَىٰ: __ + __ + __ + __,Mûsâ: __ + __ + __ + __,مۇسا: __ + __ + __ + __
tpl,t1fnrmzm,(أن) الأولى في الآية: اسم أم حرف؟,The first (أن) in the ayah: a noun or a particle?,آیت میں پہلا (أن): اسم ہے یا حرف؟,Ayetteki ilk (أن): isim mi harf mi?,ئايەتتىكى بىرىنچى (أن): ئىسىممۇ ياكى ھەرپمۇ؟
tpl,t14ivpbg,ما الدرس المستفاد من قصة أم موسى؟,What is the lesson learned from the story of Musa's mother?,موسیٰ کی والدہ کے قصے سے کیا سبق ملتا ہے؟,Musa'nın annesinin kıssasından çıkarılan ders nedir?,مۇسانىڭ ئانىسىنىڭ قىسسىسىدىن قانداق ئىبرەت ئالىمىز؟
tpl,t11n7gr2,ما صفة (النفس المطمئنة)؟,What is the quality of (the reassured soul)?,(النفس المطمئنة) کی صفت کیا ہے؟,(Mutmain nefis) sıfatı nedir?,(ئارام تاپقان نەپس) نىڭ سۈپىتى نېمە؟
tpl,tezafsj,ما الدرس المستفاد من هذه السورة؟,What is the lesson learned from this surah?,اس سورت سے کیا سبق ملتا ہے؟,Bu sureden çıkarılan ders nedir?,بۇ سۈرىدىن قانداق ئىبرەت ئالىمىز؟
tpl,t1n4pfho,ما رقم الآية؟,What is the ayah's number?,آیت کا نمبر کیا ہے؟,Ayet numarası nedir?,ئايەت نومۇرى نېمە؟
tpl,trkxxsb,بماذا وصف الله علمه في ختام الآية؟,How did Allah describe His knowledge at the end of the ayah?,آیت کے آخر میں اللہ نے اپنے علم کو کیسے بیان کیا؟,"Allah, ayetin sonunda ilmini nasıl nitelendirdi?",ئاللاھ ئايەتنىڭ ئاخىرىدا ئۆز ئىلمىنى قانداق سۈپەتلىگەن؟
tpl,t15v9j7p,لماذا لجأ الفتية إلى الكهف؟,Why did the youths take refuge in the cave?,نوجوانوں نے غار میں پناہ کیوں لی؟,Gençler mağaraya neden sığındı?,ياشلار نېمە ئۈچۈن غارغا پاناھلاندى؟
tpl,t1eqzqx1,اطلب من أحد والديك الاستماع إلى قراءتك لهذه الآيات ✓,Ask one of your parents to listen to your recitation of these ayahs ✓,اپنے والدین میں سے کسی ایک سے ان آیات کی اپنی قراءت سننے کو کہیں ✓,Anne babandan birinden bu ayetleri okuyuşunu dinlemesini iste ✓,ئاتا-ئاناڭىزدىن بىرىدىن بۇ ئايەتلەرنى ئوقۇشىڭىزنى ئاڭلاشنى تەلەپ قىلىڭ ✓
tpl,t7zd64m,بم فضّل الله آدم على الملائكة في هذه القصة؟,With what did Allah favor Adam over the angels in this story?,اس قصے میں اللہ نے آدم کو فرشتوں پر کس چیز سے فضیلت دی؟,Bu kıssada Allah Adem'i meleklere neyle üstün kıldı?,بۇ قىسسىدە ئاللاھ ئادەمنى پەرىشتىلەردىن نېمە بىلەن ئارتۇق قىلغان؟
tpl,tx2wfca,ما الصفة التي وُصف بها إبليس بعد رفضه السجود؟,What quality was Iblis described with after he refused to prostrate?,سجدہ نہ کرنے کے بعد ابلیس کو کس صفت سے موصوف کیا گیا؟,İblis secde etmeyi reddettikten sonra hangi sıfatla nitelendirildi?,ئىبلىس سەجدە قىلىشتىن باش تارتقاندىن كېيىن قانداق سۈپەت بىلەن سۈپەتلەنگەن؟
tpl,tg5s6o2,لماذا أراد قومه إحراقه؟,Why did his people want to burn him?,اس کی قوم نے اسے جلانا کیوں چاہا؟,Kavmi onu neden yakmak istedi?,ئۇنىڭ قەۋمى ئۇنى نېمە ئۈچۈن كۆيدۈرمەكچى بولغان؟
tpl,t1qffa04,ما الدرس المستفاد من نجاة إبراهيم من النار؟,What is the lesson learned from Ibrahim's rescue from the fire?,ابراہیم علیہ السلام کے آگ سے بچنے کا کیا سبق ہے؟,İbrahim'in ateşten kurtuluşundan çıkarılan ders nedir?,ئىبراھىمنىڭ ئوتتىن قۇتۇلۇشىدىن قانداق ئىبرەت ئالىمىز؟
tpl,t11ny9yh,بم توعّد سليمان الهدهد إن لم يأتِ بعذر؟,With what did Sulayman threaten the hoopoe if it did not bring an excuse?,سلیمان علیہ السلام نے ہدہد کو عذر نہ لانے کی صورت میں کس چیز کی دھمکی دی؟,"Süleyman, hüdhüd bir mazeret getirmezse onu neyle tehdit etti?",سۇلايمان ھۆپۆپنى ئۆزرە كەلتۈرمىسە نېمە بىلەن قورقاتقان؟
tpl,t19bdumt,لماذا كان سجود قوم سبأ للشمس خطأً؟,Why was it wrong for the people of Saba to prostrate to the sun?,قوم سبا کا سورج کو سجدہ کرنا کیوں غلط تھا؟,Sebe kavminin güneşe secde etmesi neden yanlıştı?,سەبە قەۋمىنىڭ كۈنگە سەجدە قىلىشى نېمە ئۈچۈن خاتا ئىدى؟
tpl,tq0mhtt,من الذي قتل جالوت؟,Who killed Jalut (Goliath)?,جالوت کو کس نے قتل کیا؟,Calut'u kim öldürdü?,جالۇتنى كىم ئۆلتۈرگەن؟
tpl,tm3g67z,من الذي دعا بالصبر وثبات الأقدام؟,Who prayed for patience and firm footing?,کس نے صبر اور ثابت قدمی کی دعا کی؟,Kim sabır ve sebat için dua etti?,كىم سەۋرچانلىق ۋە تۇرغۇن قەدەم ئۈچۈن دۇئا قىلغان؟
tpl,t1l1bmft,ماذا أصاب أيوب عليه السلام؟,What befell Ayyub?,ایوب علیہ السلام پر کیا مصیبت آئی؟,Eyyub'un başına ne geldi?,ئەييۇبقا نېمە كۈلپەت يەتتى؟
tpl,to95ds5,لماذا يُضرب المثل بصبر أيوب؟,Why is Ayyub's patience given as an example?,ایوب کے صبر کی مثال کیوں دی جاتی ہے؟,Neden Eyyub'un sabrı örnek olarak verilir?,نېمە ئۈچۈن ئەييۇبنىڭ سەۋرچانلىقى مىسال قىلىپ كۆرسىتىلىدۇ؟
tpl,t1x6zbur,ما الآية التي جعلها الله لزكريا على تحقّق البشارة؟,What sign did Allah give Zakariyya to confirm the good news?,اللہ نے زکریا علیہ السلام کو خوشخبری کی تصدیق کے لیے کیا نشانی دی؟,"Allah, Zekeriyya'ya müjdenin gerçekleştiğine dair hangi işareti verdi?",ئاللاھ زەكەرىياغا خۇش خەۋەرنىڭ ئەمەلگە ئېشىشى ئۈچۈن قانداق ئالامەت بەرگەن؟
tpl,t4csqjc,ما الدرس المستفاد من دعاء زكريا عليه السلام؟,What is the lesson learned from Zakariyya's prayer?,زکریا علیہ السلام کی دعا سے کیا سبق ملتا ہے؟,Zekeriyya'nın duasından çıkarılan ders nedir?,زەكەرىيانىڭ دۇئاسىدىن قانداق ئىبرەت ئالىمىز؟
tpl,t9bs2a5,اذكر ثلاث نعم من نعم الله على الإنسان في السورة,Name three blessings Allah gave to man mentioned in the surah,سورت میں بیان کردہ اللہ کی تین نعمتیں بتائیں جو انسان کو دی گئیں,"Surede geçen, Allah'ın insana verdiği üç nimeti belirt",سۈرىدە بايان قىلىنغان ئاللاھنىڭ ئىنسانغا بەرگەن ئۈچ نېمىتىنى ئېيتىڭ
tpl,trm3yv2,اذكر آية تدل على قدرة الله في خلق السماء والأرض,Mention an ayah showing Allah's power in creating the heavens and the earth,وہ آیت بتائیں جو آسمان و زمین کی تخلیق میں اللہ کی قدرت پر دلالت کرتی ہے,Göklerin ve yerin yaratılışında Allah'ın kudretini gösteren bir ayet belirt,ئاسمان-زېمىننى يارىتىشتا ئاللاھنىڭ قۇدرىتىنى كۆرسىتىدىغان بىر ئايەتنى ئېيتىڭ
tpl,tm47rn7,بم أهدى موسى فرعون إلى ربه؟,With what did Musa guide Firʿawn to his Lord?,موسیٰ نے فرعون کو کس چیز سے اس کے رب کی طرف رہنمائی کی؟,"Musa, Firavun'u Rabbine hangi şeyle yönlendirdi?",مۇسا پىرئەۋننى نېمە بىلەن ئۆز پەرۋەردىگارىغا يېتەكلىگەن؟
tpl,t1a2551a,ماذا سيسأل الناس النبي صلى الله عليه وسلم عنه؟,What will people ask the Prophet ﷺ about?,لوگ نبی ﷺ سے کس بارے میں سوال کریں گے؟,İnsanlar Peygamber'e (s.a.v.) ne hakkında soru soracaklar?,كىشىلەر پەيغەمبىرىمىزدىن (سەللەللاھۇ ئەلەيھى ۋەسسەللەم) نېمە ھەققىدە سوئال سورايدۇ؟
tpl,tx21lkd,من هو الأعمى الذي جاء إلى النبي صلى الله عليه وسلم؟,Who is the blind man who came to the Prophet ﷺ?,وہ نابینا شخص کون ہے جو نبی ﷺ کے پاس آیا؟,Peygamber'e (s.a.v.) gelen kör kişi kimdir?,پەيغەمبىرىمىزنىڭ (سەللەللاھۇ ئەلەيھى ۋەسسەللەم) يېنىغا كەلگەن كور كىشى كىم؟
tpl,tvu1bza,لماذا يفر المرء من أقرب الناس إليه يوم القيامة؟,Why will a person flee from those closest to him on the Day of Resurrection?,قیامت کے دن انسان اپنے قریب ترین لوگوں سے کیوں بھاگے گا؟,Kıyamet günü insan kendisine en yakın kimselerden neden kaçacak?,قىيامەت كۈنى ئىنسان ئۆزىگە ئەڭ يېقىن كىشىلەردىن نېمە ئۈچۈن قاچىدۇ؟
tpl,t19ydn13,من هم (المطففون) الذين توعّدتهم السورة؟,Who are (those who give short measure) that this surah warns?,وہ (مطففین) کون ہیں جنہیں سورت نے وعید سنائی؟,Bu surenin uyardığı (ölçüde ve tartıda hile yapanlar) kimlerdir?,بۇ سۈرە ئاگاھلاندۇرغان (ئۆلچەمدە كەم بەرگۈچىلەر) كىملەر؟
tpl,to680m4,لماذا سُمّي كتاب الفجار (سجّين) وكتاب الأبرار (عليّون)؟,Why is the record of the wicked called (Sijjin) and the record of the righteous called (Illiyyun)?,بدکاروں کے نامۂ اعمال کو (سجّین) اور نیک لوگوں کے نامۂ اعمال کو (علّیّون) کیوں کہا گیا؟,"Kötülerin kitabına neden (Siccîn), iyilerin kitabına neden (İlliyyûn) denildi?",يامانلارنىڭ نامە-ئەمالى نېمە ئۈچۈن (سىججىن)، ياخشىلارنىڭ نامە-ئەمالى نېمە ئۈچۈن (ئىللىييۇن) دەپ ئاتالغان؟
tpl,tct5qm4,صف حال من يأخذ كتابه وراء ظهره,Describe the state of one who is given his record behind his back,جو شخص اپنا نامۂ اعمال پیٹھ پیچھے سے لے گا اس کی حالت بیان کریں,Kitabını arkasından alanın halini tarif et,نامە-ئەمالىنى ئارقىسىدىن ئالغان كىشىنىڭ ھالىتىنى تەسۋىرلەڭ
tpl,tyscke3,شَهِيدٌ : __ + __ + __ + __ + __,Shahīd: __ + __ + __ + __ + __,شَهِيدٌ: __ + __ + __ + __ + __,Şehîd: __ + __ + __ + __ + __,شەھىد: __ + __ + __ + __ + __
tpl,t2vqyf4,اذكر قومين ذكرتهما السورة كذّبا رسلهما,Name two peoples mentioned in the surah who denied their messengers,سورت میں مذکور دو قومیں بتائیں جنہوں نے اپنے رسولوں کو جھٹلایا,"Surede geçen, elçilerini yalanlayan iki kavmi belirt",سۈرىدە تىلغا ئېلىنغان ئۆز پەيغەمبەرلىرىنى ئىنكار قىلغان ئىككى قەۋمنى ئېيتىڭ
tpl,t1grcpe5,من هو الذي يتجنّب الذكرى ويصلى النار الكبرى؟,Who is the one who avoids the reminder and will burn in the greatest fire?,وہ کون ہے جو نصیحت سے دور رہتا ہے اور بڑی آگ میں جھلسے گا؟,Öğütten kaçınan ve en büyük ateşe girecek olan kimdir?,نەسىھەتتىن يىراقلىشىدىغان ۋە ئەڭ چوڭ ئوتقا كىرىدىغان كىشى كىم؟
tpl,t16g7li9,من هما النبيّان اللذان ورد ذكرهما في ختام السورة؟,Who are the two prophets mentioned at the end of the surah?,سورت کے آخر میں کن دو نبیوں کا ذکر آیا ہے؟,Surenin sonunda adı geçen iki peygamber kimlerdir?,سۈرىنىڭ ئاخىرىدا تىلغا ئېلىنغان ئىككى پەيغەمبەر كىم؟
tpl,t1r5qunt,ما الذي رفعه الله للنبي صلى الله عليه وسلم؟,What did Allah raise for the Prophet ﷺ?,اللہ نے نبی ﷺ کے لیے کیا بلند کیا؟,"Allah, Peygamber (s.a.v.) için neyi yükseltti?",ئاللاھ پەيغەمبىرىمىز (سەللەللاھۇ ئەلەيھى ۋەسسەللەم) ئۈچۈن نېمىنى ئۈستۈن قىلغان؟
tpl,t2cm9ys,لماذا نُشرح صدر النبي صلى الله عليه وسلم؟,Why was the Prophet's ﷺ chest expanded?,نبی ﷺ کا سینہ کیوں کھولا گیا؟,Peygamber'in (s.a.v.) göğsü neden genişletildi?,پەيغەمبىرىمىزنىڭ (سەللەللاھۇ ئەلەيھى ۋەسسەللەم) كۆكرىكى نېمە ئۈچۈن كېڭەيتىلگەن؟
tpl,t1b95ezj,أكمل: الـنـفـّاثـا___,Complete: An-naffatha___,مکمل کریں: النَّفّاثات___,Tamamla: en-neffâsâ___,تاماملاڭ: ئەن-نەففاسا___
tpl,t1siycsh,كم مرة انتهت الآيات بـ (ـاهَا)؟,How many ayahs end with (ـاهَا)?,کتنی آیات (ـاهَا) پر ختم ہوتی ہیں؟,Kaç ayet (ـاهَا) ile bitiyor?,قانچە ئايەت (ـاهَا) بىلەن ئاياغلاشقان؟
tpl,t15fm4x7,اسم قومٍ ورد في السورة,Name of a people mentioned in the surah,سورت میں مذکور ایک قوم کا نام,Surede geçen bir kavmin adı,سۈرىدە زىكىر قىلىنغان بىر قەۋمنىڭ ئىسمى
tpl,t1hgyu6l,رقم آية (أفلح من زكاها),Number of the ayah (أفلح من زكاها),آیت (أفلح من زكاها) کا نمبر,(أفلح من زكاها) ayetinin numarası,(أفلح من زكاها) ئايىتىنىڭ نومۇرى
tpl,t17pa0nn,نوع (لا) في (ولا يخاف),Type of (لا) in (ولا يخاف),(ولا يخاف) میں (لا) کی قسم,(ولا يخاف) içindeki (لا) türü,(ولا يخاف) دىكى (لا) نىڭ تۈرى
tpl,trdvsxg,من الذي سوّى النفس؟,Who fashioned the soul?,نفس کو کس نے درست بنایا؟,Nefsi kim düzenledi?,جاننى كىم تۈزىگەن؟
tpl,tw302cq,ما جزاء من يطهّر نفسه؟,What is the reward of one who purifies himself?,جو اپنے نفس کو پاک کرے اس کا اجر کیا ہے؟,Nefsini arındıranın karşılığı nedir?,ئۆز جېنىنى پاكلىغان كىشىنىڭ مۇكاپاتى نېمە؟
tpl,tgcdhl9,ماذا تعلّمنا السورة؟,What does the surah teach us?,سورت ہمیں کیا سکھاتی ہے؟,Sure bize ne öğretiyor?,سۈرە بىزگە نېمىنى ئۆگىتىدۇ؟
tpl,ts57rzv,آخر كلمة بالسورة,Last word in the surah,سورت کا آخری لفظ,Suredeki son kelime,سۈرىدىكى ئاخىرقى سۆز
tpl,tgi7jst,أطول كلمة في السورة,Longest word in the surah,سورت کا سب سے لمبا لفظ,Suredeki en uzun kelime,سۈرىدىكى ئەڭ ئۇزۇن سۆز
tpl,t1uupmiw,كيف خلق الله الإنسان؟,How did Allah create man?,اللہ نے انسان کو کیسے پیدا کیا؟,Allah insanı nasıl yarattı?,ئاللاھ ئىنساننى قانداق ياراتقان؟
tpl,t14yu483,لوّن كلمة (الزيتون) بالسورة,Color the word (الزيتون) in the surah,سورت میں لفظ (الزيتون) کو رنگ کریں,Suredeki (الزيتون) kelimesini boya,سۈرىدىكى (الزيتون) سۆزىنى بويايدۇ
tpl,t13p1ccl,تكرار (وإذا) في بداية السورة =,How many times does (وإذا) repeat at the start of the surah =,سورت کے شروع میں (وإذا) کتنی بار آیا =,Sure başında (وإذا) kaç kez tekrarlanıyor =,سۈرە بېشىدا (وإذا) قانچە قېتىم تەكرارلانغان =
tpl,tna9nj9,هات فعلًا ماضيًا ينتهي بـ (ت),Give a past-tense verb ending with (ت),(ت) پر ختم ہونے والا ایک فعل ماضی بتائیں,(ت) ile biten bir geçmiş zaman fiili söyle,(ت) بىلەن ئاياغلاشقان بىر ئۆتكەن زامان پېئىلىنى ئېيتىڭ
tpl,t1xe0ehy,قراءة بطلاقة لأول 5 آيات ✓,Read the first 5 ayahs fluently ✓,پہلی 5 آیات روانی سے پڑھیں ✓,İlk 5 ayeti akıcı okuyun ✓,دەسلەپكى 5 ئايەتنى راۋان ئوقۇڭ ✓
tpl,t120h6b6,ما معنى «الغاشية»؟,"What does ""al-Ghashiyah"" mean?",«الغاشية» کا کیا مطلب ہے؟,"""el-Ğâşiye"" ne anlama gelir?",«ئەل-غاشىيە» نىڭ مەنىسى نېمە؟
tpl,t1livb30,فائدة طعام أهل النار,Benefit of the food of the people of the Fire,جہنمیوں کے کھانے کا فائدہ,Cehennemliklerin yiyeceğinin faydası,دوزاخ ئەھلىنىڭ يېمەكلىكىنىڭ پايدىسى
tpl,t10tmbn8,كلمة بمعنى «تعبت»,"A word meaning ""got tired""",«تعبت» کے معنی والا لفظ,"""yoruldu"" anlamına gelen bir kelime",«ھارىدى» دېگەن مەنىدىكى سۆز
tpl,t1k4dg0i,وصف الجنة في آية ١٠,Description of Paradise in ayah 10,آیت ١٠ میں جنت کی صفت,10. ayette cennet tasviri,10-ئايەتتىكى جەننەت تەسۋىرى
tpl,t1dcp2qo,معنى «نمارق مصفوفة»,"Meaning of ""namariq masfoofah"" (cushions arranged in rows)",«نمارق مصفوفة» کا معنی,"""nemârik masfûfe"" (dizili yastıklar) anlamı",«نەمارىق مەسفۇفە» (رەت-رەت تىزىلغان يۆلەنچۈك) نىڭ مەنىسى
tpl,t456gp8,كيف رُفعت (السماء)؟,How was the (sky) raised?,(آسمان) کو کیسے بلند کیا گیا؟,(Gökyüzü) nasıl yükseltildi?,(ئاسمان) قانداق كۆتۈرۈلگەن؟
tpl,t1x4uc5f,من الذي سيعذب الكافرين؟,Who will punish the disbelievers?,کافروں کو کون عذاب دے گا؟,Kâfirlere kim azap edecek?,كاپىرلارنى كىم ئازابلايدۇ؟
tpl,t17uyoyp,اذكر آية تدل على قدرة الله,Mention an ayah showing Allah's power,اللہ کی قدرت پر دلالت کرنے والی ایک آیت بتائیں,Allah'ın kudretine delalet eden bir ayet söyle,ئاللاھنىڭ قۇدرىتىگە دالالەت قىلىدىغان بىر ئايەتنى ئېيتىڭ
tpl,t1cwfklk,نارًا : __ + __ + __ + __,نارًا: __ + __ + __ + __,نارًا: __ + __ + __ + __,نارًا: __ + __ + __ + __,نارًا: __ + __ + __ + __
tpl,tvkv8tu,شكّل حرف (ب) في (لهب),Add the diacritic to the letter (ب) in (لهب),(لهب) میں حرف (ب) پر اعراب لگائیں,(لهب) içindeki (ب) harfini harekele,(لهب) دىكى (ب) ھەرپىگە ھەرىكە قويۇڭ
tpl,t1fm95ha,أنتم : __ + __ + __ + __,أنتم: __ + __ + __ + __,أنتم: __ + __ + __ + __,أنتم: __ + __ + __ + __,أنتم: __ + __ + __ + __
tpl,tvst54j,شكّل حرف (ل) في (قل),Add the diacritic to the letter (ل) in (قل),(قل) میں حرف (ل) پر اعراب لگائیں,(قل) içindeki (ل) harfini harekele,(قل) دىكى (ل) ھەرپىگە ھەرىكە قويۇڭ
tpl,t1yid3p5,أفواجًا : __ + __ + __ + __ + __ + __,أفواجًا: __ + __ + __ + __ + __ + __,أفواجًا: __ + __ + __ + __ + __ + __,أفواجًا: __ + __ + __ + __ + __ + __,أفواجًا: __ + __ + __ + __ + __ + __
tpl,t9bzohd,أين السكون في (استغفره)؟,Where is the sukoon in (استغفره)?,(استغفره) میں سکون کہاں ہے؟,(استغفره) içinde sukun nerede?,(استغفره) دا سۇكۇن قەيەردە؟
tpl,tu4g9ph,المقابر : __+__+__+__+__+__+__,المقابر: __+__+__+__+__+__+__,المقابر: __+__+__+__+__+__+__,المقابر: __+__+__+__+__+__+__,المقابر: __+__+__+__+__+__+__
tpl,t1xrcdew,ما عكس كلمة (النعيم)؟,What is the opposite of the word (النعيم)?,لفظ (النعيم) کا مخالف کیا ہے؟,(النعيم) kelimesinin zıttı nedir?,(النعيم) سۆزىنىڭ زىت مەنىسى نېمە؟
tpl,t8pl9da,تكرار (البرية) =,How many times does (البرية) repeat =,(البرية) کتنی بار آیا =,(البرية) kaç kez tekrarlanıyor =,(البرية) قانچە قېتىم تەكرارلانغان =
tpl,t1bh4sqq,أطول كلمة في السورة؟,What is the longest word in the surah?,سورت کا سب سے لمبا لفظ کیا ہے؟,Suredeki en uzun kelime nedir?,سۈرىدىكى ئەڭ ئۇزۇن سۆز قايسى؟
tpl,t10xpt7a,من هم (خير البرية)؟,Who are (the best of creation)?,(خیر البریہ) کون ہیں؟,(Yaratılmışların en hayırlıları) kimlerdir?,(مەخلۇقاتلارنىڭ ئەڭ ياخشىسى) كىملەر؟
tpl,t1jppush,أكمل: لَـبِـخَـبِيـ___,Complete: la-bi-khabi___,مکمل کریں: لَبِخَبِيـ___,Tamamla: le-bi-ḫabî___,تاماملاڭ: لەبىخابى___
tpl,tawc0s8,من هو الخبير بكل شيء؟,Who is All-Aware of everything?,ہر چیز سے باخبر کون ہے؟,Her şeyden haberdar olan kimdir?,ھەممە ئىشتىن خەۋەردار زات كىم؟
tpl,tt58s0u,وصل (ب - س - م) =,Combine (ب - س - م) =,ملائیں (ب - س - م) =,Birleştir (ب - س - م) =,بىرلەشتۈرۈڭ (ب - س - م) =
tpl,tzmhztn,ما معنى البسملة؟,What is the meaning of the Basmalah?,بسملہ کا کیا مطلب ہے؟,Besmele'nin anlamı nedir?,بەسمەلىنىڭ مەنىسى نېمە؟
tpl,tgsaygd,شكّل: الرحيم,Add diacritics: الرحيم,اعراب لگائیں: الرحيم,Harekele: الرحيم,ھەرىكە قويۇڭ: الرحيم
tpl,t1iorryv,كلمات بها (ال) التعريف =,Words containing the definite article (ال) =,وہ الفاظ جن میں (ال) تعریف ہے =,Tarif takısı (ال) içeren kelimeler =,مۇئەييەنلىك ئارتىكلى (ال) بار سۆزلەر =
tpl,t1k2oqvy,(هُو) يعود على:,(هُو) refers to:,(هُو) کس کی طرف اشارہ کرتا ہے:,(هُو) neye işaret ediyor:,(هُو) كىمگە قايتىدۇ:
tpl,t1r2r06e,لماذا الله هو الحي القيوم؟,"Why is Allah the Ever-Living, the Sustainer?",اللہ الحی القیوم کیوں ہے؟,Allah neden el-Hayy el-Kayyûm'dur?,ئاللاھ نېمىشقا ھايات ۋە قايۇم؟
tpl,t1re1mps,حَسَنَة : _ _ _ _,حَسَنَة: _ _ _ _,حَسَنَة: _ _ _ _,حَسَنَة: _ _ _ _,حَسَنَة: _ _ _ _
tpl,tjyk9tk,جمع (حسنة) =,Plural of (حسنة) =,(حسنة) کی جمع =,(حسنة) kelimesinin çoğulu =,(حسنة) سۆزىنىڭ كۆپلۈكى =
tpl,tihzbqt,ما دعاؤك للدنيا والآخرة؟,What is your prayer for this world and the hereafter?,دنیا و آخرت کے لیے آپ کی دعا کیا ہے؟,Dünya ve ahiret için duan nedir?,دۇنيا ۋە ئاخىرەت ئۈچۈن دۇئايىڭىز نېمە؟
tpl,t1s43t81,وُسْعَها : _ _ _ _ _,وُسْعَها: _ _ _ _ _,وُسْعَها: _ _ _ _ _,وُسْعَها: _ _ _ _ _,وُسْعَها: _ _ _ _ _
tpl,t1gebmki,ما الرسالة من هذه الآية؟,What is the message of this ayah?,اس آیت کا پیغام کیا ہے؟,Bu ayetin mesajı nedir?,بۇ ئايەتنىڭ ئۇچۇرى نېمە؟
tpl,tcnl4zw,شكّل: وُسْعَها,Add diacritics: وُسْعَها,اعراب لگائیں: وُسْعَها,Harekele: وُسْعَها,ھەرىكە قويۇڭ: وُسْعَها
tpl,t504k3g,ما رقم سورة البقرة؟,What is the number of Surah al-Baqarah?,سورۃ البقرہ کا نمبر کیا ہے؟,Bakara Suresi'nin numarası nedir?,سۈرە بەقەرەنىڭ نومۇرى نېمە؟
tpl,t1q662w7,أول كلمة في الآية 5:,First word in ayah 5:,آیت 5 کا پہلا لفظ:,5. ayetteki ilk kelime:,5-ئايەتتىكى بىرىنچى سۆز:
tpl,t6p8r8r,ما الفرق بين الآيتين 5 و 6؟,What is the difference between ayahs 5 and 6?,آیت 5 اور 6 میں کیا فرق ہے؟,5. ve 6. ayetler arasındaki fark nedir?,5- ۋە 6-ئايەتلەر ئارىسىدىكى پەرق نېمە؟
tpl,tyq70ou,ردد الآيتين غيبًا ✓,Recite the two ayahs from memory ✓,دونوں آیات زبانی دہرائیں ✓,İki ayeti ezberden tekrarla ✓,ئىككى ئايەتنى ياد ئوقۇڭ ✓
tpl,t18jqvl7,عدد آيات سورة الشرح:,Number of ayahs in Surah ash-Sharh:,سورۃ الشرح کی آیات کی تعداد:,İnşirah Suresi'nin ayet sayısı:,سۈرە شەرھنىڭ ئايەت سانى:
tpl,t1a08krj,شَدِيد : _ _ _ _,شَدِيد: _ _ _ _,شَدِيد: _ _ _ _,شَدِيد: _ _ _ _,شَدِيد: _ _ _ _
tpl,tkrhovy,من المتكلم في الآية؟,Who is the speaker in the ayah?,آیت میں مخاطب کون ہے؟,Ayette konuşan kimdir?,ئايەتتە سۆزلىگۈچى كىم؟
tpl,t1rmyufy,كيف تشكر الله؟,How do you thank Allah?,آپ اللہ کا شکر کیسے ادا کرتے ہیں؟,Allah'a nasıl şükredersin?,ئاللاھقا قانداق شۈكۈر قىلىسىز؟
tpl,tvw4e2q,حَسْبُه : _ _ _ _ _,حَسْبُه: _ _ _ _ _,حَسْبُه: _ _ _ _ _,حَسْبُه: _ _ _ _ _,حَسْبُه: _ _ _ _ _
tpl,tm22znl,(من) في الآية: شرطية أم موصولة؟,(من) in the ayah: conditional or relative?,آیت میں (من): شرطیہ ہے یا موصولہ؟,Ayetteki (من): şart mı yoksa ism-i mevsul mü?,ئايەتتىكى (من): شەرت ياكى ماۋسۇل؟
tpl,t1q4mac3,ما الدرس من التوكل؟,What is the lesson of trust in Allah?,توکل سے کیا سبق ملتا ہے؟,Tevekkülden çıkan ders nedir?,تەۋەككۈلدىن ئالىدىغان ئىبرەت نېمە؟
tpl,t9g6hjq,حوّط الأسماء الأربعة في الآية,Circle the four names in the ayah,آیت میں چار ناموں پر دائرہ لگائیں,Ayetteki dört ismi daire içine al,ئايەتتىكى تۆت ئىسىمگە دائىرە سىزىڭ
tpl,tgrxa1s,شكّل: الأوّل,Add diacritics: الأوّل,اعراب لگائیں: الأوّل,Harekele: الأوّل,ھەرىكە قويۇڭ: الأوّل
tpl,t1yd3p23,ارسم سهمًا يوضح الأول والآخر,Draw an arrow showing the first and the last,پہلے اور آخری کو ظاہر کرنے والا تیر بنائیں,İlk ve son'u gösteren bir ok çiz,بىرىنچى ۋە ئاخىرقىنى كۆرسىتىدىغان ئوق سىزىڭ
tpl,t1mwurww,من يعلم الغيب؟,Who knows the unseen?,غیب کا علم کس کو ہے؟,Gaybı kim bilir?,غەيبنى كىم بىلىدۇ؟
tpl,t9h07et,أسماء الله في الآية:,Names of Allah in the ayah:,آیت میں اللہ کے نام:,Ayetteki Allah'ın isimleri:,ئايەتتىكى ئاللاھنىڭ ئىسىملىرى:
tpl,t10fb66k,وسط (صدور) حرف:,Middle letter of (صدور):,(صدور) کا درمیانی حرف:,(صدور) kelimesinin orta harfi:,(صدور) نىڭ ئوتتۇرا ھەرپى:
tpl,t14ibakd,شكّل حرف (س) بآخر السورة,Add the diacritic to the letter (س) at the end of the surah,سورت کے آخر میں حرف (س) پر اعراب لگائیں,Sure sonundaki (س) harfini harekele,سۈرە ئاخىرىدىكى (س) ھەرپىگە ھەرىكە قويۇڭ
tpl,t1yht195,قريش : __ + __ + __ + __,قريش: __ + __ + __ + __,قريش: __ + __ + __ + __,قريش: __ + __ + __ + __,قريش: __ + __ + __ + __
tpl,t1c6qhi6,شكّل حرف (ش) في (الشتاء),Add the diacritic to the letter (ش) in (الشتاء),(الشتاء) میں حرف (ش) پر اعراب لگائیں,(الشتاء) içindeki (ش) harfini harekele,(الشتاء) دىكى (ش) ھەرپىگە ھەرىكە قويۇڭ
tpl,t9nd070,كلمة من حرفين,A word of two letters,دو حروف کا لفظ,İki harfli bir kelime,ئىككى ھەرپلىك سۆز
tpl,t15r1n2s,مفرد (ملائكة),Singular of (ملائكة),(ملائكة) کا واحد,(ملائكة) kelimesinin tekili,(ملائكة) نىڭ بىرلىكى
tpl,t7ixndk,بأية أداة علّمنا الله؟,With what tool did Allah teach us?,اللہ نے ہمیں کس آلے کے ذریعے سکھایا؟,Allah bize hangi araçla öğretti?,ئاللاھ بىزگە قايسى قورال ئارقىلىق ئۆگەتكەن؟
tpl,trj976m,كم مرة ورد اسم (رب)؟,How many times does the name (رب) occur?,لفظ (رب) کتنی بار آیا؟,(رب) ismi kaç kez geçiyor?,(رب) ئىسمى قانچە قېتىم كەلگەن؟
tpl,tayaeoc,بماذا تنتهي السورة؟,How does the surah end?,سورت کس بات پر ختم ہوتی ہے؟,Sure ne ile bitiyor?,سۈرە نېمە بىلەن ئاياغلىشىدۇ؟
tpl,t16nijj6,أول كلمة حرفها الواو:,First word whose letter is waw:,پہلا لفظ جس کا حرف واؤ ہے:,Harfi vav olan ilk kelime:,ھەرپى ۋاۋ بولغان بىرىنچى سۆز:
tpl,thqegwf,لماذا الوقت مهم؟,Why is time important?,وقت کیوں اہم ہے؟,Zaman neden önemlidir?,ۋاقىت نېمىشقا مۇھىم؟
tpl,t2uzh4m,أثقالها : __+__+__+__+__+__+__,أثقالها: __+__+__+__+__+__+__,أثقالها: __+__+__+__+__+__+__,أثقالها: __+__+__+__+__+__+__,أثقالها: __+__+__+__+__+__+__
tpl,tkaawkl,حوّط كلمة (أرض) لو وجدت,Circle the word (أرض) if you find it,اگر (أرض) لفظ ملے تو دائرہ لگائیں,(أرض) kelimesini bulursan daire içine al,(أرض) سۆزىنى تاپسىڭىز دائىرە سىزىڭ
tpl,tt8blmi,ما هي (أثقال) الأرض؟,What are the (burdens) of the earth?,زمین کے (أثقال/بوجھ) کیا ہیں؟,Yerin (ağırlıkları) nedir?,يەرنىڭ (ئېغىرلىقلىرى) نېمە؟
tpl,t1on93l5,ترميهم : __ + __ + __ + __ + __,ترميهم: __ + __ + __ + __ + __,ترميهم: __ + __ + __ + __ + __,ترميهم: __ + __ + __ + __ + __,ترميهم: __ + __ + __ + __ + __
tpl,t1s62nvz,من حمى الكعبة من الفيل؟,Who protected the Kaabah from the elephant?,کعبہ کو ہاتھی سے کس نے بچایا؟,Kâbe'yi fil'den kim korudu?,كەبىنى پىلدىن كىم قوغدىغان؟
tpl,ttm4e0m,من الذي أعطى الكوثر؟,Who gave al-Kawthar?,کوثر کس نے عطا کی؟,Kevser'i kim verdi?,كەۋسەرنى كىم بەرگەن؟
tpl,t29peds,الجبال : __+__+__+__+__+__,الجبال: __+__+__+__+__+__,الجبال: __+__+__+__+__+__,الجبال: __+__+__+__+__+__,الجبال: __+__+__+__+__+__
tpl,t14k8vlk,كم (ل) في كلمة (الله)؟,How many (ل)s are in the word (الله)?,لفظ (الله) میں کتنے (ل) ہیں؟,(الله) kelimesinde kaç tane (ل) var?,(الله) سۆزىدە قانچە (ل) بار؟
tpl,t6sricu,لماذا سُمِّيت سورة الإخلاص؟,Why was Surah al-Ikhlas named so?,سورۃ الاخلاص کا یہ نام کیوں رکھا گیا؟,İhlas Suresi neden bu adı aldı?,سۈرە ئىخلاس نېمە ئۈچۈن بۇ ئات بىلەن ئاتالغان؟
tpl,t1cvwk39,رقم سورة النحل في المصحف =,Number of Surah an-Nahl in the Mushaf =,مصحف میں سورۃ النحل کا نمبر =,Mushaf'ta Nahl Suresi'nin numarası =,مۇسھەپتىكى سۈرە نەھلنىڭ نومۇرى =
tpl,tu84h7x,الكلمة رقم (٣) في الآية =,Word number (3) in the ayah =,آیت میں لفظ نمبر (٣) =,Ayetteki (3) numaralı kelime =,ئايەتتىكى (3)-سۆز =
tpl,t13lm7nc,وَدَّعَكَ : __ + __ + __ + __,وَدَّعَكَ: __ + __ + __ + __,وَدَّعَكَ: __ + __ + __ + __,وَدَّعَكَ: __ + __ + __ + __,وَدَّعَكَ: __ + __ + __ + __
tpl,t1xa4632,لماذا ذكر الله نعمه على النبي صلى الله عليه وسلم في هذه السورة؟,Why did Allah mention His blessings on the Prophet (peace be upon him) in this surah?,اللہ نے اس سورت میں نبی ﷺ پر اپنی نعمتوں کا ذکر کیوں کیا؟,Allah bu surede Peygamber'e (sallallahu aleyhi ve sellem) olan nimetlerini neden zikretti?,ئاللاھ بۇ سۈرىدە پەيغەمبەر ئەلەيھىسسالامغا بەرگەن نېمەتلىرىنى نېمىشقا بايان قىلغان؟
tpl,t9umqrz,بم وصف الله نفسه في قوله (إن علينا للهدى)؟,How did Allah describe Himself in His saying (إن علينا للهدى)?,اللہ نے اپنے قول (إن علينا للهدى) میں اپنی کیا صفت بیان کی؟,Allah (إن علينا للهدى) sözünde kendini nasıl tasvir etti?,ئاللاھ (إن علينا للهدى) دېگەن سۆزىدە ئۆزىنى قانداق تەسۋىرلىگەن؟
tpl,t1fr12fd,من هم أصحاب الميمنة؟,Who are the companions of the right?,اصحاب المیمنہ کون ہیں؟,Sağ taraf ashabı kimlerdir?,ئوڭ تەرەپ ئىگىلىرى كىملەر؟
tpl,t189hjoh,لماذا وصف الله الإنسان بأنه في (كبد)؟,Why did Allah describe man as being in (hardship)?,اللہ نے انسان کو (کبد/مشقت) میں کیوں بتایا؟,Allah insanı neden (zorluk/kebed) içinde olarak tasvir etti?,ئاللاھ ئىنساننى نېمىشقا (جاپا-مۇشەققەت) ئىچىدە دەپ تەسۋىرلىگەن؟
tpl,t17vadx5,عدد حروف الآيتين =,Number of letters in the two ayahs =,دونوں آیات کے حروف کی تعداد =,İki ayetteki harf sayısı =,ئىككى ئايەتتىكى ھەرپ سانى =
tpl,t1350wyy,(أن) في «فَظَنَّ أَنْ لَنْ نَقْدِرَ»: اسم أم حرف؟,"(أن) in ""فَظَنَّ أَنْ لَنْ نَقْدِرَ"": a noun or a particle?",«فَظَنَّ أَنْ لَنْ نَقْدِرَ» میں (أن): اسم ہے یا حرف؟,"""فَظَنَّ أَنْ لَنْ نَقْدِرَ"" içindeki (أن): isim mi yoksa harf mi?",«فَظَنَّ أَنْ لَنْ نَقْدِرَ» دىكى (أن): ئىسىممۇ ياكى ھەرپمۇ؟
tpl,t1uc9egy,لماذا غضب يونس عليه السلام وذهب من قومه؟,Why was Yunus (peace be upon him) angry and left his people?,یونس علیہ السلام کیوں ناراض ہوئے اور اپنی قوم سے چلے گئے؟,Yunus (aleyhisselam) neden öfkelendi ve kavminden ayrıldı?,يۇنۇس ئەلەيھىسسالام نېمىشقا خاپا بولۇپ قەۋمىدىن كەتكەن؟
tpl,tnls979,لماذا سُمّيت ليلة القدر بهذا الاسم؟,Why was Laylat al-Qadr named so?,لیلۃ القدر کا یہ نام کیوں رکھا گیا؟,Kadir Gecesi neden bu adı aldı?,لەيلىتۇل قەدر نېمە ئۈچۈن بۇ ئات بىلەن ئاتالغان؟
tpl,t18pv16u,متى يُرجّح أن تكون ليلة القدر؟,When is Laylat al-Qadr most likely to be?,لیلۃ القدر کس رات ہونے کا زیادہ امکان ہے؟,Kadir Gecesi'nin en muhtemel zamanı nedir?,لەيلىتۇل قەدرنىڭ بولۇشى ئېھتىمالى كۈچلۈك ۋاقىت قايسى؟
tpl,ta14s1i,ما جزاء من يجمع المال ويعدّده ويظن أنه يخلّده؟,"What is the punishment of one who hoards wealth, counts it, and thinks it will make him immortal?",جو مال جمع کرے، اسے گنتا رہے اور سمجھے کہ یہ اسے ہمیشہ رکھے گا، اس کی سزا کیا ہے؟,Malı biriktirip sayan ve onun kendisini ölümsüz kılacağını sanan kimsenin cezası nedir?,مال توپلاپ، ساناپ، ئۇنى مەڭگۈ ياشىتىدۇ دەپ ئويلىغان كىشىنىڭ جازاسى نېمە؟
tpl,ta68oa0,(الذين) في الآية الخامسة: اسم أم حرف؟,(الذين) in the fifth ayah: a noun or a particle?,پانچویں آیت میں (الذين): اسم ہے یا حرف؟,Beşinci ayetteki (الذين): isim mi yoksa harf mi?,بەشىنچى ئايەتتىكى (الذين): ئىسىممۇ ياكى ھەرپمۇ؟
tpl,t1ve71zr,كيف نتجنب صفات المصلين المذمومين في هذه السورة؟,How do we avoid the blameworthy traits of the worshippers in this surah?,اس سورت میں مذکور مذموم نمازیوں کی صفات سے کیسے بچیں؟,Bu surede kınanan namaz kılanların özelliklerinden nasıl kaçınırız?,بۇ سۈرىدە ئەيىبلەنگەن نامازخانلارنىڭ سۈپەتلىرىدىن قانداق ساقلىنىمىز؟
tpl,t18mzy1e,من الذي يحفظ كل نفس بأمر الله؟,Who protects every soul by Allah's command?,اللہ کے حکم سے ہر نفس کی حفاظت کون کرتا ہے؟,Allah'ın emriyle her nefsi kim korur?,ئاللاھنىڭ ئەمرى بىلەن ھەر بىر جاننى كىم قوغدايدۇ؟
tpl,tdzys0k,(الذي) في «الَّذِي خَلَقَكَ»: اسم أم حرف؟,"(الذي) in ""الَّذِي خَلَقَكَ"": a noun or a particle?",«الَّذِي خَلَقَكَ» میں (الذي): اسم ہے یا حرف؟,"""الَّذِي خَلَقَكَ"" içindeki (الذي): isim mi yoksa harf mi?",«الَّذِي خَلَقَكَ» دىكى (الذي): ئىسىممۇ ياكى ھەرپمۇ؟
tpl,t1d8cjoh,كَوْكَبًا : __ + __ + __ + __ + __,كَوْكَبًا: __ + __ + __ + __ + __,كَوْكَبًا: __ + __ + __ + __ + __,كَوْكَبًا: __ + __ + __ + __ + __,كَوْكَبًا: __ + __ + __ + __ + __
tpl,t15a04be,لمن قال يوسف هذا الكلام؟,To whom did Yusuf say these words?,یوسف علیہ السلام نے یہ بات کس سے کہی؟,Yusuf bu sözü kime söyledi?,يۇسۇف بۇ سۆزنى كىمگە ئېيتقان؟
tpl,t9sf1um,ما اسم أبي يوسف عليه السلام؟,What is the name of the father of Yusuf (peace be upon him)?,یوسف علیہ السلام کے والد کا نام کیا ہے؟,Yusuf'un (aleyhisselam) babasının adı nedir?,يۇسۇف ئەلەيھىسسالامنىڭ ئاتىسىنىڭ ئىسمى نېمە؟
tpl,t1hlwgh4,أَرْضِعِيهِ : __ + __ + __ + __ + __ + __,أَرْضِعِيهِ: __ + __ + __ + __ + __ + __,أَرْضِعِيهِ: __ + __ + __ + __ + __ + __,أَرْضِعِيهِ: __ + __ + __ + __ + __ + __,أَرْضِعِيهِ: __ + __ + __ + __ + __ + __
tpl,trfu4sn,كيف تحقق وعد الله لأم موسى في هذه الآية لاحقًا؟,How was Allah's promise to the mother of Musa in this ayah fulfilled later?,اس آیت میں موسیٰ علیہ السلام کی والدہ سے اللہ کا وعدہ بعد میں کیسے پورا ہوا؟,Bu ayette Musa'nın annesine verilen Allah'ın vaadi sonradan nasıl gerçekleşti?,بۇ ئايەتتە مۇسانىڭ ئانىسىغا بېرىلگەن ئاللاھنىڭ ۋەدىسى كېيىن قانداق ئەمەلگە ئاشقان؟
tpl,t1a0j95q,الْفَجْرِ : __ + __ + __ + __ + __,الْفَجْرِ: __ + __ + __ + __ + __,الْفَجْرِ: __ + __ + __ + __ + __,الْفَجْرِ: __ + __ + __ + __ + __,الْفَجْرِ: __ + __ + __ + __ + __
tpl,t1p3rnz4,بم تُدعى النفس المطمئنة يوم القيامة؟,What is the reassured soul called on the Day of Resurrection?,قیامت کے دن نفس مطمئنہ کو کیا کہا جاتا ہے؟,Kıyamet günü mutmain nefse ne denir?,قىيامەت كۈنى ئارام تاپقان جان قانداق ئاتىلىدۇ؟
tpl,t15zjezx,مِصْبَاحٌ : __ + __ + __ + __ + __,مِصْبَاحٌ: __ + __ + __ + __ + __,مِصْبَاحٌ: __ + __ + __ + __ + __,مِصْبَاحٌ: __ + __ + __ + __ + __,مِصْبَاحٌ: __ + __ + __ + __ + __
tpl,t1qme85,لماذا سُمّيت هذه الآية بـ(آية النور)؟,Why is this ayah called (Ayat an-Nur)?,اس آیت کو (آیت النور) کیوں کہا جاتا ہے؟,Bu ayete neden (Nur Ayeti) denir?,بۇ ئايەت نېمە ئۈچۈن (نۇر ئايىتى) دەپ ئاتالغان؟
tpl,tpixe81,ماذا نتعلم من وصف الله لنوره في هذه الآية؟,What do we learn from Allah's description of His light in this ayah?,اس آیت میں اللہ کے نور کی صفت سے ہم کیا سیکھتے ہیں؟,Bu ayette Allah'ın nurunu tasvirinden ne öğreniyoruz?,بۇ ئايەتتە ئاللاھنىڭ نۇرىنى تەسۋىرلىشىدىن نېمىنى ئۆگىنىمىز؟
tpl,t17iz7v2,بم دعا الفتية ربهم عندما أووا إلى الكهف؟,What did the youths pray to their Lord when they took refuge in the cave?,جب نوجوان غار میں پناہ لیے تو انہوں نے اپنے رب سے کیا دعا کی؟,Gençler mağaraya sığındıklarında Rablerine ne diye dua ettiler?,ياشلار ئۆڭكۈرگە پاناھلانغاندا پەرۋەردىگارىغا نېمە دەپ دۇئا قىلغان؟
tpl,t8x2ae2,ما الدرس المستفاد من ثبات الفتية على الإيمان؟,What is the lesson from the youths' steadfastness in faith?,نوجوانوں کے ایمان پر ثابت قدم رہنے سے کیا سبق ملتا ہے؟,Gençlerin imanda sebat etmesinden çıkan ders nedir?,ياشلارنىڭ ئىماندا چىڭ تۇرۇشىدىن ئالىدىغان ئىبرەت نېمە؟
tpl,ten9kbu,لماذا أمر الله الملائكة بالسجود لآدم؟,Why did Allah command the angels to prostrate to Adam?,اللہ نے فرشتوں کو آدم کے سامنے سجدہ کرنے کا حکم کیوں دیا؟,Allah meleklere neden Adem'e secde etmelerini emretti?,ئاللاھ پەرىشتىلەرگە نېمىشقا ئادەمگە سەجدە قىلىشنى بۇيرۇغان؟
tpl,t1miwrn2,ما الدرس المستفاد من هذه القصة؟,What is the lesson from this story?,اس قصے سے کیا سبق ملتا ہے؟,Bu kıssadan çıkan ders nedir?,بۇ قىسسىدىن ئالىدىغان ئىبرەت نېمە؟
tpl,tyc8ytf,كيف نجّى الله إبراهيم من النار؟,How did Allah save Ibrahim from the fire?,اللہ نے ابراہیم علیہ السلام کو آگ سے کیسے بچایا؟,Allah İbrahim'i ateşten nasıl kurtardı?,ئاللاھ ئىبراھىمنى ئوتتىن قانداق قۇتقۇزغان؟
tpl,tc7pflc,كيف يحفظ الله من يتوكل عليه؟,How does Allah protect those who put their trust in Him?,جو اللہ پر توکل کرے، اللہ اس کی حفاظت کیسے کرتا ہے؟,Allah kendisine tevekkül edeni nasıl korur?,ئاللاھ ئۆزىگە تەۋەككۈل قىلغانلارنى قانداق قوغدايدۇ؟
tpl,txhx9cy,ماذا كان قوم سبأ يعبدون من دون الله؟,What did the people of Saba worship besides Allah?,قوم سبا اللہ کے سوا کس کی عبادت کرتی تھی؟,Sebe kavmi Allah'tan başka neye tapıyordu?,سەبە قەۋمى ئاللاھتىن باشقا نېمىگە چوقۇنغان؟
tpl,t14wyfxx,ما الحكمة التي علّمها الهدهد لسليمان بخبره؟,What wisdom did the hoopoe teach Sulaiman with its report?,ہدہد نے اپنی خبر سے سلیمان علیہ السلام کو کیا حکمت سکھائی؟,"Hüdhüd, haberiyle Süleyman'a hangi hikmeti öğretti?",ھۆپۆپ ئۆز خەۋىرى بىلەن سۇلايمانغا قانداق ھېكمەت ئۆگەتكەن؟
tpl,t17wy34h,بم دعا المؤمنون ربهم قبل لقاء جالوت؟,What did the believers pray to their Lord before meeting Jalut (Goliath)?,جالوت سے ملاقات سے پہلے مومنین نے اپنے رب سے کیا دعا کی؟,Müminler Câlût ile karşılaşmadan önce Rablerine ne diye dua ettiler?,مۆمىنلەر جالۇت بىلەن ئۇچراشتىن ئىلگىرى پەرۋەردىگارىغا نېمە دەپ دۇئا قىلغان؟
tpl,tzxk9n,الضُّرُّ : __ + __ + __,الضُّرُّ: __ + __ + __,الضُّرُّ: __ + __ + __,الضُّرُّ: __ + __ + __,الضُّرُّ: __ + __ + __
tpl,t67x4cy,كيف استجاب الله لدعاء أيوب؟,How did Allah respond to the prayer of Ayyub?,اللہ نے ایوب علیہ السلام کی دعا کیسے قبول کی؟,Allah Eyyub'un duasına nasıl icabet etti?,ئاللاھ ئەييۇبنىڭ دۇئاسىنى قانداق ئىجابەت قىلغان؟
tpl,tgry28w,من الذي استجاب لدعاء أيوب؟,Who answered the prayer of Ayyub?,ایوب علیہ السلام کی دعا کس نے قبول کی؟,Eyyub'un duasını kim kabul etti?,ئەييۇبنىڭ دۇئاسىنى كىم ئىجابەت قىلغان؟
tpl,t3tcva4,بم دعا زكريا ربه في مناجاته؟,What did Zakariyya pray to his Lord in his supplication?,زکریا علیہ السلام نے اپنی مناجات میں اپنے رب سے کیا دعا کی؟,"Zekeriyya, münacatında Rabbine ne diye dua etti?",زەكەرىييا مۇناجىتىدە پەرۋەردىگارىغا نېمە دەپ دۇئا قىلغان؟
tpl,trkxz46,من الذي بشّر زكريا بالغلام؟,Who gave Zakariyya the glad tidings of a son?,زکریا علیہ السلام کو بیٹے کی خوشخبری کس نے دی؟,Zekeriyya'ya oğlan müjdesini kim verdi?,زەكەرىييانى ئوغۇل بىلەن كىم خۇشخەۋەر قىلغان؟
tpl,t1jyrsif,ما هو (النبأ العظيم) الذي اختلف فيه الناس؟,What is the (great news) that people disagreed about?,وہ (خبر عظیم) کیا ہے جس میں لوگوں کا اختلاف ہوا؟,İnsanların hakkında ihtilaf ettiği (büyük haber) nedir?,كىشىلەر توغرىسىدا ئىختىلاپ قىلىشقان (كاتتا خەۋەر) نېمە؟
tpl,thpisz9,من الذي يأذن له بالكلام يوم القيامة؟,Who will be given permission to speak on the Day of Resurrection?,قیامت کے دن کسے بولنے کی اجازت دی جائے گی؟,Kıyamet günü konuşmasına kime izin verilecek?,قىيامەت كۈنى كىمگە سۆزلەشكە رۇخسەت بېرىلىدۇ؟
tpl,t82euit,ماذا كان جواب فرعون لدعوة موسى؟,What was Pharaoh's response to the call of Musa?,موسیٰ علیہ السلام کی دعوت کا فرعون نے کیا جواب دیا؟,"Firavun, Musa'nın davetine ne cevap verdi?",پىرئەۋن مۇسانىڭ دەۋىتىگە قانداق جاۋاب بەرگەن؟
tpl,t1exm67g,كيف ردّ الله على من يسأل عن الساعة؟,How did Allah respond to those who ask about the Hour?,جو قیامت کے بارے میں پوچھے، اللہ نے اسے کیا جواب دیا؟,"Allah, Kıyamet Saati'ni soranlara nasıl cevap verdi?",ئاللاھ قىيامەت توغرىسىدا سورىغانلارغا قانداق جاۋاب بەرگەن؟
tpl,t1naedlj,اذكر مراحل خلق الإنسان كما وصفتها السورة,Mention the stages of human creation as described by the surah,سورت میں بیان کردہ انسان کی تخلیق کے مراحل بتائیں,Surenin tasvir ettiği insan yaratılış aşamalarını say,سۈرىدە بايان قىلىنغان ئىنسان يارىتىلىش باسقۇچلىرىنى ئېيتىڭ
tpl,t1b5lfgl,ما الدرس المستفاد من هذه السورة في التعامل مع الفقراء؟,What is the lesson from this surah about dealing with the poor?,اس سورت سے غریبوں سے سلوک کے بارے میں کیا سبق ملتا ہے؟,Bu suredeki fakirlerle ilgilenme dersinden çıkan sonuç nedir?,بۇ سۈرىدىن كەمبەغەللەرگە مۇئامىلە قىلىش ھەققىدە قانداق ئىبرەت ئالىمىز؟
tpl,twn9aam,صف نعيم الأبرار كما وصفته السورة,Describe the bliss of the righteous as the surah describes it,جیسا کہ سورت میں بیان ہے، نیک لوگوں کی نعمتوں کو بیان کریں,Surenin tasvir ettiği gibi iyilerin nimetini anlat,سۈرىدە تەسۋىرلەنگەندەك ياخشى ئادەملەرنىڭ نېمىتىنى بايان قىلىڭ
tpl,t1uh4dgr,كَادِحٌ : __ + __ + __ + __ + __,كَادِحٌ: __ + __ + __ + __ + __,كَادِحٌ: __ + __ + __ + __ + __,كَادِحٌ: __ + __ + __ + __ + __,كَادِحٌ: __ + __ + __ + __ + __
tpl,t1nbv4cr,لماذا سُمّيت هذه السورة بـ(الانشقاق)؟,Why is this surah named (al-Inshiqaq)?,اس سورت کو (الانشقاق) کیوں کہا جاتا ہے؟,Bu sureye neden (el-İnşikâk) denir?,بۇ سۈرە نېمە ئۈچۈن (ئىنشىقاق) دەپ ئاتالغان؟
tpl,tsy1tcx,ما ذنب أصحاب الأخدود الذي عُذّبوا بسببه؟,What was the sin of the people of the Ditch for which they were punished?,اصحاب الاخدود کا وہ گناہ کیا تھا جس کی وجہ سے انہیں سزا ملی؟,Hendek ashabının cezalandırılmasına sebep olan günahı neydi?,ئۆرەك ئىگىلىرىنىڭ جازالىنىشىغا سەۋەب بولغان گۇناھى نېمە؟
tpl,t1d7qskn,أين يُحفظ القرآن الكريم كما ذكرت السورة؟,"Where is the Noble Quran preserved, as mentioned in the surah?",سورت کے مطابق قرآن کریم کہاں محفوظ ہے؟,Surede belirtildiği gibi Kur'an-ı Kerim nerede korunmaktadır?,سۈرىدە بايان قىلىنغاندەك قۇرئان كەرىم قەيەردە ساقلانغان؟
tpl,td4dnv5,اذكر ثلاثًا من صفات الله المذكورة في السورة (خلق، قدّر، ...),"Mention three of Allah's attributes mentioned in the surah (creating, determining, ...)",سورت میں مذکور اللہ کی تین صفات بتائیں (خلق، قدّر، ...),"Surede zikredilen Allah'ın üç sıfatını say (yarattı, takdir etti, ...)",سۈرىدە زىكىر قىلىنغان ئاللاھنىڭ ئۈچ سۈپىتىنى ئېيتىڭ (ياراتتى، تەقدىر قىلدى، ...)
tpl,tlzdlyb,من الذي أفلح كما وصفت السورة,"Who succeeded, as described by the surah",سورت کے مطابق فلاح پانے والا کون ہے,Surenin tasvir ettiği gibi kurtuluşa eren kimdir,سۈرىدە تەسۋىرلەنگەندەك نىجات تاپقۇچى كىم
tpl,t1yt3kiu,اذكر ثلاث نعم امتنّ الله بها على النبي في هذه السورة,Mention three blessings Allah bestowed upon the Prophet in this surah,اس سورت میں اللہ نے نبی ﷺ پر تین نعمتیں بتائیں، انہیں بیان کریں,Bu surede Allah'ın Peygamber'e bahşettiği üç nimeti say,بۇ سۈرىدە ئاللاھ پەيغەمبەرگە ئاتا قىلغان ئۈچ نېمەتنى ئېيتىڭ
tpl,tf4cl3w,من الذي أفلح كما وصفت السورة؟,"Who succeeded, as described by the surah?",سورت کے مطابق فلاح پانے والا کون ہے؟,Surenin tasvir ettiği gibi kurtuluşa eren kimdir?,سۈرىدە تەسۋىرلەنگەندەك نىجات تاپقۇچى كىم؟
tpl,t7s0sge,كلمات تنتهي بحرف ({}) =,Words ending with the letter ({}) =,حرف ({}) پر ختم ہونے والے الفاظ =,({}) harfiyle biten kelimeler =,({}) ھەرپى بىلەن ئاخىرلاشقان سۆزلەر =
tpl,tvxnwb1,({}): اسم أم حرف؟,({}): a noun or a letter?,({}): اسم ہے یا حرف؟,({}): isim mi harf mi?,({}): ئىسىممۇ ياكى ھەرپمۇ؟
tpl,t6isukf,شكّل حرف ({}) في (خلق),Mark the vowel of the letter ({}) in (خلق),(خلق) میں حرف ({}) پر اعراب لگائیں,(خلق) kelimesindeki ({}) harfini harekele,(خلق) دىكى ({}) ھەرپىگە ھەرىكە قويۇڭ
tpl,t1vjhky6,كم مرة انتهت الآيات بـ ({})؟,How many times do the ayahs end with ({})?,آیات کتنی بار ({}) پر ختم ہوئیں؟,Ayetler kaç kez ({}) ile bitiyor?,ئايەتلەر قانچە قېتىم ({}) بىلەن ئاخىرلاشقان؟
tpl,t1h1e791,استخرج كلمة تبدأ بـ ({}) القسم,"Find a word starting with ({}), the oath particle",({}) قسم سے شروع ہونے والا لفظ تلاش کریں,({}) yemin harfiyle başlayan bir kelime bul,({}) قەسەم ھەرپى بىلەن باشلانغان سۆزنى تېپىڭ
tpl,t1klzv6n,عدد المرات التي ورد فيها ({}),Number of times ({}) is mentioned,({}) کتنی بار آیا,({}) kaç kez geçiyor,({}) قانچە قېتىم كەلگەن
tpl,t1tce6hl,كلمة مكرر فيها حرف ({}),A word in which the letter ({}) is repeated,وہ لفظ جس میں حرف ({}) دہرایا گیا ہے,({}) harfinin tekrarlandığı bir kelime,({}) ھەرپى تەكرارلانغان سۆز
tpl,t8dq7ax,كلمة بها ({}) مشددة,A word with a shadda on ({}),وہ لفظ جس میں ({}) پر شد ہے,({}) üzerinde şedde bulunan bir kelime,({}) دا شەددە بار سۆز
tpl,t1qye6wl,رقم آية ({}),Number of ayah ({}),آیت ({}) کا نمبر,({}) ayetinin numarası,({}) ئايىتىنىڭ نومۇرى
tpl,t1sgnk4v,كلمة تبدأ بـ ({}),A word starting with ({}),({}) سے شروع ہونے والا لفظ,({}) ile başlayan bir kelime,({}) بىلەن باشلانغان سۆز
tpl,t8dkqr2,كلمة بها ({}) مكررة,A word with ({}) repeated,وہ لفظ جس میں ({}) دہرایا گیا ہے,({}) tekrarlanan bir kelime,({}) تەكرارلانغان سۆز
tpl,t1jglcbf,ضد ({}),Opposite of ({}),({}) کی ضد,({}) kelimesinin zıddı,({}) نىڭ زىددى
tpl,t3s8jbz,مرادف ({}),Synonym of ({}),({}) کا مترادف,({}) kelimesinin eş anlamlısı,({}) نىڭ مۇرادىپى
tpl,t16hz1y,نوع ({}) في (ولا يخاف),Type of ({}) in (ولا يخاف),(ولا يخاف) میں ({}) کی قسم,(ولا يخاف) içindeki ({}) türü,(ولا يخاف) دىكى ({}) نىڭ تۈرى
tpl,t7fs72e,كلمة بها ({}) في وسطها,A word with ({}) in the middle,وہ لفظ جس کے بیچ میں ({}) ہے,ortasında ({}) bulunan bir kelime,ئوتتۇرىسىدا ({}) بار سۆز
tpl,t13lwfp5,جمع كلمة ({}),Plural of the word ({}),لفظ ({}) کی جمع,({}) kelimesinin çoğulu,({}) سۆزىنىڭ كۆپلۈكى
tpl,t3v91a,ارسم ({}) هنا:,Draw ({}) here:,یہاں ({}) بنائیں:,Buraya ({}) çiz:,بۇ يەرگە ({}) سىزىڭ:
tpl,t12ibwzp,بماذا يوحي ({})؟,What does ({}) suggest?,({}) کس چیز کی طرف اشارہ کرتا ہے؟,({}) neyi çağrıştırıyor?,({}) نېمىنى ئىپادىلەيدۇ؟
tpl,tjdiwuc,كم ({}) قَسَم في السورة؟,How many oaths of ({}) are in the surah?,سورت میں ({}) کی کتنی قسمیں ہیں؟,Surede kaç ({}) yemini var?,سۈرىدە قانچە ({}) قەسىمى بار؟
tpl,t1f18v80,تكرار لفظ الجلالة ({}),Repetition of the name of Allah ({}),لفظ جلالت ({}) کی تکرار,Allah lafzının ({}) tekrarı,جالالەت لەفزى ({}) نىڭ تەكرارلىنىشى
tpl,t139qjbt,كم آية تنتهي بـ ({})؟,How many ayahs end with ({})?,کتنی آیات ({}) پر ختم ہوتی ہیں؟,Kaç ayet ({}) ile bitiyor?,قانچە ئايەت ({}) بىلەن ئاخىرلىشىدۇ؟
tpl,toln14i,حرف ({}) تكرر كم مرة؟,How many times is the letter ({}) repeated?,حرف ({}) کتنی بار دہرایا گیا؟,({}) harfi kaç kez tekrarlandı?,({}) ھەرپى قانچە قېتىم تەكرارلانغان؟
tpl,t8a3ar4,ضد كلمة ({}),Opposite of the word ({}),لفظ ({}) کی ضد,({}) kelimesinin zıddı,({}) سۆزىنىڭ زىددى
tpl,t6w28c2,جمع ({}),Plural of ({}),({}) کی جمع,({}) kelimesinin çoğulu,({}) نىڭ كۆپلۈكى
tpl,t1e9ivu1,نوع الأسلوب في ({}),Type of style in ({}),({}) میں اسلوب کی قسم,({}) içindeki üslup türü,({}) دىكى ئۇسلۇب تۈرى
tpl,trkpler,كلمة تبدأ بـ ({}) وتنتهي بـ (ن),A word starting with ({}) and ending with (ن),وہ لفظ جو ({}) سے شروع اور (ن) پر ختم ہو,({}) ile başlayıp (ن) ile biten bir kelime,({}) بىلەن باشلىنىپ (ن) بىلەن ئاخىرلاشقان سۆز
tpl,tklj29m,لوّن كلمة ({}) بالسورة,Color the word ({}) in the surah,سورت میں لفظ ({}) کو رنگ دیں,Suredeki ({}) kelimesini renklendir,سۈرىدىكى ({}) سۆزىگە رەڭ بېرىڭ
tpl,t1ng64ou,ماذا نقول بعد ({})؟,What do we say after ({})?,({}) کے بعد ہم کیا کہتے ہیں؟,({}) sonra ne diyoruz?,({}) دىن كېيىن نېمە دەيمىز؟
tpl,t183jja2,كم ({}) في كلمة (البلد)؟,How many ({}) in the word (البلد)?,لفظ (البلد) میں کتنے ({}) ہیں؟,(البلد) kelimesinde kaç tane ({}) var?,(البلد) سۆزىدە قانچە ({}) بار؟
tpl,tfsiml5,تكرار ({}) في بداية السورة =,Repetition of ({}) at the beginning of the surah =,سورت کے آغاز میں ({}) کی تکرار =,Surenin başında ({}) tekrarı =,سۈرە بېشىدا ({}) نىڭ تەكرارلىنىشى =
tpl,thszyq1,كلمة بها ({}) حروف =,A word with ({}) letters =,({}) حروف والا لفظ =,({}) harf içeren bir kelime =,({}) ھەرپى بار سۆز =
tpl,t1dmq5hb,استخرج كلمة تبدأ بـ ({}) =,Find a word starting with ({}) =,({}) سے شروع ہونے والا لفظ تلاش کریں =,({}) ile başlayan bir kelime bul =,({}) بىلەن باشلانغان سۆزنى تېپىڭ =
tpl,t1m40v3d,هات فعلًا ماضيًا ينتهي بـ ({}),Give a past-tense verb ending with ({}),({}) پر ختم ہونے والا ماضی کا فعل بتائیں,({}) ile biten bir geçmiş zaman fiili söyle,({}) بىلەن ئاخىرلاشقان ئۆتكەن زامان پېئىلىنى ئېيتىڭ
tpl,t118qtz5,حوّط كلمة ({}) في السورة,Circle the word ({}) in the surah,سورت میں لفظ ({}) پر دائرہ لگائیں,Suredeki ({}) kelimesini daire içine al,سۈرىدىكى ({}) سۆزىگە دائىرە سىزىڭ
tpl,t4p3g6j,شكّل كلمة ({}),Mark the vowels of the word ({}),لفظ ({}) پر اعراب لگائیں,({}) kelimesini harekele,({}) سۆزىگە ھەرىكە قويۇڭ
tpl,t131exci,ما هي ({})؟,What is ({})?,({}) کیا ہے؟,({}) nedir?,({}) نېمە؟
tpl,t1u28r3i,موجود بآية ١٢ ({}),Found in ayah 12 ({}),آیت ١٢ میں موجود ({}),12. ayette bulunan ({}),12-ئايەتتە بار ({})
tpl,tfouy6w,كيف خُلقت ({})؟,How was ({}) created?,({}) کیسے پیدا ہوا؟,({}) nasıl yaratıldı?,({}) قانداق ياراتىلغان؟
tpl,t1gdyli1,كيف رُفعت ({})؟,How was ({}) raised?,({}) کیسے بلند کیا گیا؟,({}) nasıl yükseltildi?,({}) قانداق كۆتۈرۈلگەن؟
tpl,tr7y8kr,كيف نُصبت ({})؟,How was ({}) set up?,({}) کیسے نصب کیا گیا؟,({}) nasıl dikildi?,({}) قانداق تىكلەنگەن؟
tpl,t1w2jh15,كيف سُطحت ({})؟,How was ({}) spread out?,({}) کیسے بچھایا گیا؟,({}) nasıl yayıldı?,({}) قانداق يېيىلغان؟
tpl,tiqwrsk,كلمة بها ({}) بآخرها,A word with ({}) at the end,وہ لفظ جس کے آخر میں ({}) ہے,sonunda ({}) bulunan bir kelime,ئاخىرىدا ({}) بار سۆز
tpl,tr1axr4,تنوين كسر في ({}),Kasra tanwin in ({}),({}) میں تنوین کسرہ,({}) içindeki kesra tenvini,({}) دىكى كەسرە تەنۋىنى
tpl,t6h27y4,شكّل حرف ({}) في (لهب),Mark the vowel of the letter ({}) in (لهب),(لهب) میں حرف ({}) پر اعراب لگائیں,(لهب) kelimesindeki ({}) harfini harekele,(لهب) دىكى ({}) ھەرپىگە ھەرىكە قويۇڭ
tpl,t1xb1v0o,مفرد ({}) ←,Singular of ({}) ←,({}) کا واحد ←,({}) kelimesinin tekili ←,({}) نىڭ بىرلىكى ←
tpl,t1p0039g,({}): اسم موصول أم حرف جر؟,({}): a relative pronoun or a preposition?,({}): اسم موصول ہے یا حرف جر؟,({}): ilgi zamiri mi edat mı?,({}): تەۋە ئات مۇ ياكى پرېدلوگمۇ؟
tpl,t1qm83bl,شكّل حرف ({}) في (قل),Mark the vowel of the letter ({}) in (قل),(قل) میں حرف ({}) پر اعراب لگائیں,(قل) kelimesindeki ({}) harfini harekele,(قل) دىكى ({}) ھەرپىگە ھەرىكە قويۇڭ
tpl,t1rhmk1b,كم مرة تكرر ({})؟,How many times is ({}) repeated?,({}) کتنی بار دہرایا گیا؟,({}) kaç kez tekrarlandı?,({}) قانچە قېتىم تەكرارلانغان؟
tpl,thlbhs3,مفرد كلمة ({}) ←,Singular of the word ({}) ←,لفظ ({}) کا واحد ←,({}) kelimesinin tekili ←,({}) سۆزىنىڭ بىرلىكى ←
tpl,tu4o314,({}): ظرف زمان أم مكان؟,({}): an adverb of time or place?,({}): ظرف زمان ہے یا مکان؟,({}): zaman zarfı mı yer zarfı mı?,({}): ۋاقىت رەۋىشىمۇ ياكى ئورۇن رەۋىشىمۇ؟
tpl,t1qa2tic,أين السكون في ({})؟,Where is the sukoon in ({})?,({}) میں سکون کہاں ہے؟,({}) içindeki sükun nerede?,({}) دىكى سۈكۇن قەيەردە؟
tpl,t62y5jn,شكّل حرف ({}) في (الحمد),Mark the vowel of the letter ({}) in (الحمد),(الحمد) میں حرف ({}) پر اعراب لگائیں,(الحمد) kelimesindeki ({}) harfini harekele,(الحمد) دىكى ({}) ھەرپىگە ھەرىكە قويۇڭ
tpl,t1hpqaeq,تكرار كلمة ({}) بالسورة =,Repetition of the word ({}) in the surah =,سورت میں لفظ ({}) کی تکرار =,Suredeki ({}) kelimesinin tekrarı =,سۈرىدىكى ({}) سۆزىنىڭ تەكرارلىنىشى =
tpl,t18vdx0q,أول حرف في كلمة ({}):,First letter in the word ({}):,لفظ ({}) کا پہلا حرف:,({}) kelimesindeki ilk harf:,({}) سۆزىدىكى بىرىنچى ھەرپ:
tpl,tzeb12w,آخر حرف في كلمة ({}):,Last letter in the word ({}):,لفظ ({}) کا آخری حرف:,({}) kelimesindeki son harf:,({}) سۆزىدىكى ئاخىرقى ھەرپ:
tpl,t1n6p2wt,ما عكس كلمة ({})؟,What is the opposite of the word ({})?,لفظ ({}) کی ضد کیا ہے؟,({}) kelimesinin zıddı nedir?,({}) سۆزىنىڭ زىددى نېمە؟
tpl,t1qma17d,شكّل حرف ({}) في (ثم),Mark the vowel of the letter ({}) in (ثم),(ثم) میں حرف ({}) پر اعراب لگائیں,(ثم) kelimesindeki ({}) harfini harekele,(ثم) دىكى ({}) ھەرپىگە ھەرىكە قويۇڭ
tpl,t1aapcup,تكرار ({}) =,Repetition of ({}) =,({}) کی تکرار =,({}) tekrarı =,({}) نىڭ تەكرارلىنىشى =
tpl,t7404h,تكرار اسم الجلالة ({}) =,Repetition of the name of Allah ({}) =,اسم جلالت ({}) کی تکرار =,Allah isminin ({}) tekrarı =,جالالەت ئىسمى ({}) نىڭ تەكرارلىنىشى =
tpl,tby8bn3,حرف ({}) تكرر كم مرة؟ =,How many times is the letter ({}) repeated? =,حرف ({}) کتنی بار دہرایا گیا؟ =,({}) harfi kaç kez tekrarlandı? =,({}) ھەرپى قانچە قېتىم تەكرارلانغان؟ =
tpl,tv4pzpt,من هو ({})؟,Who is ({})?,({}) کون ہے؟,({}) kimdir?,({}) كىم؟
tpl,t1mu4kyh,شكّل حرف ({}) في (البينة),Mark the vowel of the letter ({}) in (البينة),(البينة) میں حرف ({}) پر اعراب لگائیں,(البينة) kelimesindeki ({}) harfini harekele,(البينة) دىكى ({}) ھەرپىگە ھەرىكە قويۇڭ
tpl,tpbnna4,من هم ({})؟,Who are ({})?,({}) کون ہیں؟,({}) kimlerdir?,({}) كىملەر؟
tpl,t17a753c,حوّط كلمة ({}) لو وُجدت,Circle the word ({}) if found,اگر ({}) لفظ موجود ہو تو دائرہ لگائیں,({}) kelimesi varsa daire içine al,({}) سۆزى بولسا دائىرە سىزىڭ
tpl,t1pc374o,كلمات بها ({}) =,Words with ({}) =,({}) والے الفاظ =,({}) içeren kelimeler =,({}) بار سۆزلەر =
tpl,tki0y1f,ما الفرق بين ({}) و(الرحيم)؟,What is the difference between ({}) and (الرحيم)?,({}) اور (الرحيم) میں کیا فرق ہے؟,({}) ile (الرحيم) arasındaki fark nedir?,({}) بىلەن (الرحيم) نىڭ پەرقى نېمە؟
tpl,t11ft8ti,وصل ({}) =,Match ({}) =,جوڑیں ({}) =,Eşleştir ({}) =,ماسلاشتۇرۇڭ ({}) =
tpl,txyndi0,مضاد ({}) في المعنى:,Opposite of ({}) in meaning:,معنی میں ({}) کی ضد:,Anlamca ({}) kelimesinin zıddı:,مەنىسى جەھەتتىن ({}) نىڭ زىددى:
tpl,t131xz3k,({}) حرف الجر فيها:,The preposition in ({}):,({}) میں حرف جر:,({}) içindeki edat:,({}) دىكى پرېدلوگ:
tpl,tw0m1sc,({}): اسم أم فعل؟,({}): a noun or a verb?,({}): اسم ہے یا فعل؟,({}): isim mi fiil mi?,({}): ئىسىممۇ ياكى پېئىلمۇ؟
tpl,t1lxil2l,كلمة تنتهي بحرف ({}):,A word ending with the letter ({}):,حرف ({}) پر ختم ہونے والا لفظ:,({}) harfiyle biten bir kelime:,({}) ھەرپى بىلەن ئاخىرلاشقان سۆز:
tpl,t1a1rioi,كلمات بها ({}) التعريف =,Words with the definite article ({}) =,({}) تعریف والے الفاظ =,({}) belirteci içeren kelimeler =,({}) ئېنىقلىغۇچى بار سۆزلەر =
tpl,t1emzad4,({}) يعود على:,({}) refers to:,({}) کس کی طرف اشارہ کرتا ہے:,({}) neyi işaret ediyor:,({}) نېمىگە قايتىدۇ:
tpl,txkaxq8,حوّط كلمة ({}) بالآية,Circle the word ({}) in the ayah,آیت میں لفظ ({}) پر دائرہ لگائیں,Ayetteki ({}) kelimesini daire içine al,ئايەتتىكى ({}) سۆزىگە دائىرە سىزىڭ
tpl,t19mochb,جمع ({}) =,Plural of ({}) =,({}) کی جمع =,({}) kelimesinin çoğulu =,({}) نىڭ كۆپلۈكى =
tpl,tfoqkzu,ارسم نارًا واكتب ({}):,Draw a fire and write ({}):,آگ بنائیں اور ({}) لکھیں:,Bir ateş çiz ve ({}) yaz:,ئوت سىزىڭ ۋە ({}) يېزىڭ:
tpl,t1h21iez,({}) هنا للنفي أم للنهي؟,Is ({}) here for negation or prohibition?,یہاں ({}) نفی کے لیے ہے یا نہی کے لیے؟,Buradaki ({}) olumsuzluk için mi yasaklama için mi?,بۇ يەردىكى ({}) ئىنكار ئۈچۈنمۇ ياكى چەكلەش ئۈچۈنمۇ؟
tpl,t1vwn9tk,ضمير ({}) في (وسعها) يعود على:,The pronoun ({}) in (وسعها) refers to:,(وسعها) میں ضمیر ({}) کس کی طرف اشارہ کرتا ہے:,(وسعها) içindeki ({}) zamiri neyi işaret ediyor:,(وسعها) دىكى ({}) ئالماشى نېمىگە قايتىدۇ:
tpl,tip7o2w,اكتب ({}) بخط جميل:,Write ({}) in beautiful handwriting:,({}) کو خوبصورت خط میں لکھیں:,({}) güzel bir yazıyla yaz:,({}) نى چىرايلىق خەت بىلەن يېزىڭ:
tpl,tshv3wc,كلمة بها ({}) =,A word with ({}) =,({}) والا لفظ =,({}) içeren bir kelime =,({}) بار سۆز =
tpl,tjdazos,حوّط كلمة ({}) في الآيتين,Circle the word ({}) in the two ayahs,دونوں آیات میں لفظ ({}) پر دائرہ لگائیں,İki ayetteki ({}) kelimesini daire içine al,ئىككى ئايەتتىكى ({}) سۆزىگە دائىرە سىزىڭ
tpl,tiw83s6,({}): الفاء للـ:,({}): the fa' is for:,({}): فاء کس لیے ہے:,({}): fâ harfi ne için:,({}): فا ھەرپى نېمە ئۈچۈن:
tpl,tvoqgop,ارسم وجهًا سعيدًا مع كلمة ({}),Draw a happy face with the word ({}),لفظ ({}) کے ساتھ ایک خوش چہرہ بنائیں,({}) kelimesiyle mutlu bir yüz çiz,({}) سۆزى بىلەن خۇشال چىراي سىزىڭ
tpl,tgodtl0,({}) في الآية: شرطية أم موصولة؟,({}) in the ayah: conditional or relative?,آیت میں ({}): شرطیہ ہے یا موصولہ؟,Ayetteki ({}): şart mı ilgi mi?,ئايەتتىكى ({}): شەرتمۇ ياكى تەۋە ئاتمۇ؟
tpl,ttn4liy,ارسم قلبًا كبيرًا وداخله كلمة ({}),Draw a big heart with the word ({}) inside,ایک بڑا دل بنائیں اور اس کے اندر لفظ ({}) لکھیں,Büyük bir kalp çiz ve içine ({}) kelimesini yaz,چوڭ يۈرەك سىزىڭ ۋە ئىچىگە ({}) سۆزىنى يېزىڭ
tpl,t17amyzu,أول ({}) حرف:,First letter of ({}):,({}) کا پہلا حرف:,({}) kelimesinin ilk harfi:,({}) نىڭ بىرىنچى ھەرپى:
tpl,t5u7q21,وسط ({}) حرف:,Middle letter of ({}):,({}) کا درمیانی حرف:,({}) kelimesinin orta harfi:,({}) نىڭ ئوتتۇرا ھەرپى:
tpl,t192npkx,ارسم ({}) يعيش فيه ذكر الله,Draw ({}) where the remembrance of Allah lives,({}) بنائیں جس میں اللہ کا ذکر رہتا ہے,İçinde Allah'ın zikri yaşayan ({}) çiz,ئىچىدە ئاللاھنى زىكرى قىلىش ياشايدىغان ({}) نى سىزىڭ
tpl,tga8weg,شكّل حرف ({}) بآخر السورة,Mark the vowel of the letter ({}) at the end of the surah,سورت کے آخر میں حرف ({}) پر اعراب لگائیں,Surenin sonundaki ({}) harfini harekele,سۈرە ئاخىرىدىكى ({}) ھەرپىگە ھەرىكە قويۇڭ
tpl,t1f7uoe0,آخر ({}) حرف:,Last letter of ({}):,({}) کا آخری حرف:,({}) kelimesinin son harfi:,({}) نىڭ ئاخىرقى ھەرپى:
tpl,t1do2aui,ما معنى ({}) هنا؟,What does ({}) mean here?,یہاں ({}) کا کیا مطلب ہے؟,Buradaki ({}) ne anlama gelir?,بۇ يەردىكى ({}) نىڭ مەنىسى نېمە؟
tpl,t1mknez0,شكّل حرف ({}) في (الشتاء),Mark the vowel of the letter ({}) in (الشتاء),(الشتاء) میں حرف ({}) پر اعراب لگائیں,(الشتاء) kelimesindeki ({}) harfini harekele,(الشتاء) دىكى ({}) ھەرپىگە ھەرىكە قويۇڭ
tpl,t1gi1k8g,تكرار فعل ({}),Repetition of the verb ({}),فعل ({}) کی تکرار,({}) fiilinin tekrarı,({}) پېئىلىنىڭ تەكرارلىنىشى
tpl,t1vihyj2,عدد حروف ({}),Number of letters in ({}),({}) کے حروف کی تعداد,({}) kelimesindeki harf sayısı,({}) نىڭ ھەرپ سانى
tpl,tr7g9iy,تكرار حرف ({}) في آية ١,Repetition of the letter ({}) in ayah 1,آیت ١ میں حرف ({}) کی تکرار,1. ayette ({}) harfinin tekrarı,1-ئايەتتە ({}) ھەرپىنىڭ تەكرارلىنىشى
tpl,tm99yzl,حروف ({}) تكوّن,The letters of ({}) form,({}) کے حروف بناتے ہیں,({}) kelimesinin harfleri oluşturur,({}) نىڭ ھەرپلىرى ھاسىل قىلىدۇ
tpl,taay3ug,مفرد ({}),Singular of ({}),({}) کا واحد,({}) kelimesinin tekili,({}) نىڭ بىرلىكى
tpl,t1iasvs0,عكس كلمة ({}),Opposite of the word ({}),لفظ ({}) کی ضد,({}) kelimesinin zıddı,({}) سۆزىنىڭ زىددى
tpl,t8tpg8k,مرادف كلمة ({}),Synonym of the word ({}),لفظ ({}) کا مترادف,({}) kelimesinin eş anlamlısı,({}) سۆزىنىڭ مۇرادىپى
tpl,tru0e4h,كم مرة ورد اسم ({})؟,How many times is the name ({}) mentioned?,نام ({}) کتنی بار آیا؟,({}) ismi kaç kez geçiyor?,({}) ئىسمى قانچە قېتىم كەلگەن؟
tpl,t4046t1,هل في السورة ({})؟,Is there ({}) in the surah?,کیا سورت میں ({}) موجود ہے؟,Surede ({}) var mı?,سۈرىدە ({}) بارمۇ؟
tpl,t1fntpq0,تلوين كلمة ({}) بالسورة ✓,Coloring the word ({}) in the surah ✓,سورت میں لفظ ({}) کو رنگ دینا ✓,Suredeki ({}) kelimesini renklendirme ✓,سۈرىدىكى ({}) سۆزىگە رەڭ بېرىش ✓
tpl,t2nwj0o,كم ({}) في كلمة (الإنسان)؟,How many ({}) in the word (الإنسان)?,لفظ (الإنسان) میں کتنے ({}) ہیں؟,(الإنسان) kelimesinde kaç tane ({}) var?,(الإنسان) سۆزىدە قانچە ({}) بار؟
tpl,toggckr,تكرار واو الجماعة ({}) =,Repetition of the collective waw ({}) =,واو الجماعۃ ({}) کی تکرار =,Cemi vavı ({}) tekrarı =,جامائەت ۋاۋى ({}) نىڭ تەكرارلىنىشى =
tpl,t3lmooy,ارسم ({}) للوقت,Draw ({}) for time,وقت کے لیے ({}) بنائیں,Zaman için ({}) çiz,ۋاقىت ئۈچۈن ({}) سىزىڭ
tpl,t6iwumz,شكّل حرف ({}) في (خسر),Mark the vowel of the letter ({}) in (خسر),(خسر) میں حرف ({}) پر اعراب لگائیں,(خسر) kelimesindeki ({}) harfini harekele,(خسر) دىكى ({}) ھەرپىگە ھەرىكە قويۇڭ
tpl,t95euqp,كلمة بها ({}) حرف =,A word with the letter ({}) =,حرف ({}) والا لفظ =,({}) harfini içeren bir kelime =,({}) ھەرپى بار سۆز =
tpl,tu0uyiq,استخرج ({}) لو وجدت,Find ({}) if it exists,اگر موجود ہو تو ({}) تلاش کریں,Varsa ({}) bul,بولسا ({}) نى تېپىڭ
tpl,t1s2kfl6,هات فعل ماضي ({}),Give the past-tense form of ({}),({}) کا فعل ماضی بتائیں,({}) fiilinin geçmiş zaman halini söyle,({}) نىڭ ئۆتكەن زامان پېئىلىنى ئېيتىڭ
tpl,t1etfep3,حوّط كلمة ({}) لو وجدت,Circle the word ({}) if it exists,اگر موجود ہو تو لفظ ({}) پر دائرہ لگائیں,Varsa ({}) kelimesini daire içine al,بولسا ({}) سۆزىگە دائىرە سىزىڭ
tpl,t1wqyfym,من الذي يتحدث؟ ({}),Who is speaking? ({}),کون بات کر رہا ہے؟ ({}),Kim konuşuyor? ({}),كىم سۆزلەۋاتىدۇ؟ ({})
tpl,t141r6et,ما هي ({}) الأرض؟,What is the ({}) of the earth?,زمین کی ({}) کیا ہے؟,Yerin ({}) nedir?,يەرنىڭ ({}) نېمە؟
tpl,tt36mnl,تكرار كلمة ({}) في السورة =,Repetition of the word ({}) in the surah =,سورت میں لفظ ({}) کی تکرار =,Suredeki ({}) kelimesinin tekrarı =,سۈرىدىكى ({}) سۆزىنىڭ تەكرارلىنىشى =
tpl,twzmjpf,تكرار الميم الساكنة ({}) =,Repetition of the silent meem ({}) =,میم ساکنہ ({}) کی تکرار =,Sakin mim ({}) tekrarı =,سۈكۈنلۈك مىم ({}) نىڭ تەكرارلىنىشى =
tpl,t5z97zv,شكّل حرف ({}) في (الفيل),Mark the vowel of the letter ({}) in (الفيل),(الفيل) میں حرف ({}) پر اعراب لگائیں,(الفيل) kelimesindeki ({}) harfini harekele,(الفيل) دىكى ({}) ھەرپىگە ھەرىكە قويۇڭ
tpl,t1j7u1vp,شكّل حرف ({}) في (الكوثر),Mark the vowel of the letter ({}) in (الكوثر),(الكوثر) میں حرف ({}) پر اعراب لگائیں,(الكوثر) kelimesindeki ({}) harfini harekele,(الكوثر) دىكى ({}) ھەرپىگە ھەرىكە قويۇڭ
tpl,t1bpjus0,شكّل حرف ({}) في (القارعة),Mark the vowel of the letter ({}) in (القارعة),(القارعة) میں حرف ({}) پر اعراب لگائیں,(القارعة) kelimesindeki ({}) harfini harekele,(القارعة) دىكى ({}) ھەرپىگە ھەرىكە قويۇڭ
tpl,t11zh8qi,كم ({}) في كلمة (الله)؟,How many ({}) in the word (الله)?,لفظ (الله) میں کتنے ({}) ہیں؟,(الله) kelimesinde kaç tane ({}) var?,(الله) سۆزىدە قانچە ({}) بار؟
tpl,t6j375i,شكّل حرف ({}) في (أحد),Mark the vowel of the letter ({}) in (أحد),(أحد) میں حرف ({}) پر اعراب لگائیں,(أحد) kelimesindeki ({}) harfini harekele,(أحد) دىكى ({}) ھەرپىگە ھەرىكە قويۇڭ
tpl,t1q9905t,كم مرة ذُكر اسم ({}) في السورة؟,How many times is the name ({}) mentioned in the surah?,سورت میں نام ({}) کتنی بار آیا؟,Surede ({}) ismi kaç kez geçiyor?,سۈرىدە ({}) ئىسمى قانچە قېتىم تىلغا ئېلىنغان؟
tpl,tjw6907,اذكر سورة أخرى تبدأ بـ ({}),Name another surah starting with ({}),({}) سے شروع ہونے والی کوئی اور سورت بتائیں,({}) ile başlayan başka bir sure söyle,({}) بىلەن باشلانغان باشقا بىر سۈرىنى ئېيتىڭ
tpl,t175ig3s,الكلمة رقم ({}) في الآية =,Word number ({}) in the ayah =,آیت میں لفظ نمبر ({}) =,Ayetteki ({}) numaralı kelime =,ئايەتتىكى ({})-نومۇرلۇق سۆز =
tpl,tu1nha5,بم وصف الله نفسه في قوله ({})؟,How did Allah describe Himself in His saying ({})?,اللہ نے اپنے قول ({}) میں اپنی کیا صفت بیان کی؟,"Allah, ({}) sözünde kendini nasıl tanımladı?",ئاللاھ ({}) دېگەن سۆزىدە ئۆزىنى قانداق سۈپەتلىگەن؟
tpl,t1lmlx6h,({}) في «وَمَا أَدْرَاكَ»: اسم أم حرف؟,({}) in «وَمَا أَدْرَاكَ»: a noun or a letter?,«وَمَا أَدْرَاكَ» میں ({}): اسم ہے یا حرف؟,«وَمَا أَدْرَاكَ» içindeki ({}): isim mi harf mi?,«وَمَا أَدْرَاكَ» دىكى ({}): ئىسىممۇ ياكى ھەرپمۇ؟
tpl,t1frljhz,ما هما ({}) اللذان هداهما الله للإنسان؟,What are the two ({}) that Allah guided for man?,وہ دونوں ({}) کیا ہیں جن کی اللہ نے انسان کو ہدایت دی؟,Allah'ın insana yol gösterdiği iki ({}) nedir?,ئاللاھ ئىنسانغا يېتەكلىگەن ئىككى ({}) نېمە؟
tpl,t1frm7xf,لماذا وصف الله الإنسان بأنه في ({})؟,Why did Allah describe man as being in ({})?,اللہ نے انسان کو ({}) میں ہونے کی صفت کیوں دی؟,"Allah, insanı neden ({}) içinde diye tanımladı?",ئاللاھ نېمە ئۈچۈن ئىنساننى ({}) دە دەپ سۈپەتلىگەن؟
tpl,tpv80i2,تكرار حرف ({}) في الآيتين =,Repetition of the letter ({}) in the two ayahs =,دونوں آیات میں حرف ({}) کی تکرار =,İki ayette ({}) harfinin tekrarı =,ئىككى ئايەتتە ({}) ھەرپىنىڭ تەكرارلىنىشى =
tpl,t1weabav,لماذا سُمّي يونس عليه السلام بـ({})؟,Why was Yunus (peace be upon him) called ({})?,یونس علیہ السلام کو ({}) کیوں کہا گیا؟,Yunus (aleyhisselam) neden ({}) diye adlandırıldı?,يۇنۇس ئەلەيھىسسالام نېمە ئۈچۈن ({}) دەپ ئاتالغان؟
tpl,tpx9e89,({}) في «فَظَنَّ أَنْ لَنْ نَقْدِرَ»: اسم أم حرف؟,({}) in «فَظَنَّ أَنْ لَنْ نَقْدِرَ»: a noun or a letter?,«فَظَنَّ أَنْ لَنْ نَقْدِرَ» میں ({}): اسم ہے یا حرف؟,«فَظَنَّ أَنْ لَنْ نَقْدِرَ» içindeki ({}): isim mi harf mi?,«فَظَنَّ أَنْ لَنْ نَقْدِرَ» دىكى ({}): ئىسىممۇ ياكى ھەرپمۇ؟
tpl,ttwjcmm,({}) في الآية الثانية: اسم أم حرف؟,({}) in the second ayah: a noun or a letter?,دوسری آیت میں ({}): اسم ہے یا حرف؟,İkinci ayetteki ({}): isim mi harf mi?,ئىككىنچى ئايەتتىكى ({}): ئىسىممۇ ياكى ھەرپمۇ؟
tpl,t15nuur6,من هو ({}) المقصود بالذم في السورة؟,Who is the ({}) meant by the blame in the surah?,سورت میں مذمت سے مراد کون سا ({}) ہے؟,Surede kınanan ({}) kimdir?,سۈرىدىكى ئەيىبلىنىۋاتقان ({}) كىم؟
tpl,tsa15d,({}) في الآية الخامسة: اسم أم حرف؟,({}) in the fifth ayah: a noun or a letter?,پانچویں آیت میں ({}): اسم ہے یا حرف؟,Beşinci ayetteki ({}): isim mi harf mi?,بەشىنچى ئايەتتىكى ({}): ئىسىممۇ ياكى ھەرپمۇ؟
tpl,ti4lf6r,({}) الاستفهامية في «وَمَا أَدْرَاكَ»: اسم أم حرف؟,The interrogative ({}) in «وَمَا أَدْرَاكَ»: a noun or a letter?,«وَمَا أَدْرَاكَ» میں استفہامیہ ({}): اسم ہے یا حرف؟,«وَمَا أَدْرَاكَ» içindeki soru ({}): isim mi harf mi?,«وَمَا أَدْرَاكَ» دىكى سوئال ({}): ئىسىممۇ ياكى ھەرپمۇ؟
tpl,t1eyw97c,ما معنى قول الله: ({})؟,What is the meaning of Allah's saying: ({})?,اللہ کے قول ({}) کا کیا مطلب ہے؟,Allah'ın ({}) sözünün anlamı nedir?,ئاللاھنىڭ ({}) دېگەن سۆزىنىڭ مەنىسى نېمە؟
tpl,t1xk5m6j,({}) في «الَّذِي خَلَقَكَ»: اسم أم حرف؟,({}) in «الَّذِي خَلَقَكَ»: a noun or a letter?,«الَّذِي خَلَقَكَ» میں ({}): اسم ہے یا حرف؟,«الَّذِي خَلَقَكَ» içindeki ({}): isim mi harf mi?,«الَّذِي خَلَقَكَ» دىكى ({}): ئىسىممۇ ياكى ھەرپمۇ؟
tpl,tii44ef,({}) في بداية الآية: اسم أم حرف؟,({}) at the beginning of the ayah: a noun or a letter?,آیت کے شروع میں ({}): اسم ہے یا حرف؟,Ayetin başındaki ({}): isim mi harf mi?,ئايەت بېشىدىكى ({}): ئىسىممۇ ياكى ھەرپمۇ؟
tpl,tuilum9,({}) الأولى في الآية: اسم أم حرف؟,The first ({}) in the ayah: a noun or a letter?,آیت میں پہلا ({}): اسم ہے یا حرف؟,Ayetteki ilk ({}): isim mi harf mi?,ئايەتتىكى بىرىنچى ({}): ئىسىممۇ ياكى ھەرپمۇ؟
tpl,t7fdiki,({}) في الآية ١٧: اسم أم حرف؟,({}) in ayah 17: a noun or a letter?,آیت ١٧ میں ({}): اسم ہے یا حرف؟,17. ayetteki ({}): isim mi harf mi?,17-ئايەتتىكى ({}): ئىسىممۇ ياكى ھەرپمۇ؟
tpl,t1d9vq8y,ما صفة ({})؟,What is the attribute of ({})?,({}) کی صفت کیا ہے؟,({}) kelimesinin sıfatı nedir?,({}) نىڭ سۈپىتى نېمە؟
tpl,to01jd0,ما هو ({}) في وصف الكوكب؟,What is ({}) in the description of the planet?,سیارے کی صفت میں ({}) کیا ہے؟,Gezegenin tasvirinde ({}) nedir?,يۇلتۇزنى تەسۋىرلەشتىكى ({}) نېمە؟
tpl,t14jme1q,لماذا سُمّيت هذه الآية بـ({})؟,Why is this ayah called ({})?,اس آیت کو ({}) کیوں کہا جاتا ہے؟,Bu ayete neden ({}) deniyor?,بۇ ئايەت نېمە ئۈچۈن ({}) دەپ ئاتالغان؟
tpl,t1bde0wy,اذكر مراحل تمثيل النور في الآية ({}),State the stages of the light metaphor in ayah ({}),آیت ({}) میں نور کی مثال کے مراحل بتائیں,({}) ayetindeki nur temsilinin aşamalarını sayın,({}) ئايىتىدىكى نۇر تەمسىلىنىڭ باسقۇچلىرىنى ئېيتىڭ
tpl,tiy0212,لماذا ضرب الله على آذانهم ({})؟,Why did Allah seal their ears ({})?,اللہ نے ان کے کانوں پر ({}) کیوں لگایا؟,Allah kulaklarını neden ({}) ile mühürledi?,ئاللاھ نېمە ئۈچۈن ئۇلارنىڭ قۇلاقلىرىنى ({}) بىلەن پىچەتلىگەن؟
tpl,t1cdn2w2,ما معنى قول الله ({})؟,What is the meaning of Allah's saying ({})?,اللہ کے قول ({}) کا کیا مطلب ہے؟,Allah'ın ({}) sözünün anlamı nedir?,ئاللاھنىڭ ({}) دېگەن سۆزىنىڭ مەنىسى نېمە؟
tpl,t178zvlz,الكلمة رقم ({}) في الآيتين =,Word number ({}) in the two ayahs =,دونوں آیات میں لفظ نمبر ({}) =,İki ayetteki ({}) numaralı kelime =,ئىككى ئايەتتىكى ({})-نومۇرلۇق سۆز =
tpl,t15womeq,ما هو ({}) الذي اختلف فيه الناس؟,What is the ({}) that people disagreed about?,وہ ({}) کیا ہے جس میں لوگوں کا اختلاف ہے؟,İnsanların ihtilaf ettiği ({}) nedir?,كىشىلەر ئىختىلاپ قىلغان ({}) نېمە؟
tpl,t199u7fx,ما معنى ({}) و(عليّون)؟,What is the meaning of ({}) and (عليّون)?,({}) اور (عليّون) کا کیا مطلب ہے؟,({}) ve (عليّون) ne anlama gelir?,({}) بىلەن (عليّون) نىڭ مەنىسى نېمە؟
tpl,t8w5czy,من هم ({}) الذين توعّدتهم السورة؟,Who are the ({}) threatened in the surah?,وہ ({}) کون ہیں جنہیں سورت میں وعید دی گئی؟,Surede tehdit edilen ({}) kimlerdir?,سۈرىدە ئاگاھلاندۇرۇلغان ({}) كىملەر؟
tpl,tqk9snx,ماذا يحدث للمؤمنين والكفار يوم القيامة ({})؟,What happens to believers and disbelievers on the Day of Judgment ({})?,قیامت کے دن مومنین اور کافرین کے ساتھ کیا ہوتا ہے ({})؟,Kıyamet gününde müminler ve kafirlere ne olur ({})?,قىيامەت كۈنى مۆمىنلەر بىلەن كاپىرلارغا نېمە بولىدۇ ({})؟
tpl,tu1n1dk,لماذا سُمّي كتاب الفجار ({}) وكتاب الأبرار (عليّون)؟,Why is the book of the wicked called ({}) and the book of the righteous (عليّون)?,فجار کی کتاب کو ({}) اور ابرار کی کتاب کو (عليّون) کیوں کہا گیا؟,"Facirlerin kitabına neden ({}), salihlerin kitabına neden (عليّون) deniyor?",گۇناھكارلارنىڭ نامىسى نېمە ئۈچۈن ({}) دەپ ۋە ياخشىلارنىڭ نامىسى (عليّون) دەپ ئاتالغان؟
tpl,t1dpgjvg,لماذا سُمّيت هذه السورة بـ({})؟,Why is this surah called ({})?,اس سورت کو ({}) کیوں کہا جاتا ہے؟,Bu sureye neden ({}) deniyor?,بۇ سۈرە نېمە ئۈچۈن ({}) دەپ ئاتالغان؟
tpl,tpssixo,اذكر ثلاثًا من صفات الله المذكورة في السورة ({}),Name three attributes of Allah mentioned in surah ({}),سورت ({}) میں مذکور اللہ کی تین صفات بتائیں,({}) suresinde geçen Allah'ın üç sıfatını say,({}) سۈرىسىدە تىلغا ئېلىنغان ئاللاھنىڭ ئۈچ سۈپىتىنى ئېيتىڭ
tpl,t1evkd51,لماذا كرّر الله ذكر ({}) مرتين في السورة؟,Why did Allah mention ({}) twice in the surah?,اللہ نے سورت میں ({}) کا ذکر دو بار کیوں کیا؟,Allah surede ({}) sözünü neden iki kez tekrarladı?,ئاللاھ نېمە ئۈچۈن سۈرىدە ({}) نى ئىككى قېتىم تىلغا ئالغان؟
tpl,t4b2ju2,ما الدرس المستفاد من تكرار ({})؟,What is the lesson learned from the repetition of ({})?,({}) کی تکرار سے کیا سبق ملتا ہے؟,({}) tekrarından çıkarılan ders nedir?,({}) نىڭ تەكرارلىنىشىدىن قانداق ئىبرەت ئېلىنىدۇ؟
term,tmbnyqj, سكون , sukun , سکون , sükun , سۈكۇن 
term,tna9m3g, همزة , hamza , ہمزہ , hemze , ھەمزە 
term,t1nbgwhh,أداة شرط,conditional particle,اداتِ شرط,şart edatı,شەرت ئەدىتى
term,t12b1ku2,اسم إشارة,demonstrative noun,اسم اشارہ,işaret ismi,كۆرسىتىش ئىسمى
term,t1eor5m7,اسم فاعل,active participle,اسم فاعل,ism-i fail,پائىل ئىسمى
term,t1eol6cu,اسم مفرد,singular noun,اسم مفرد,tekil isim,تاكى ئىسىم
term,t12vy1og,اسم موصول,relative pronoun,اسم موصول,ism-i mevsul,باغلىغۇچى ئىسىم
term,t1qget8t,تنوين,tanwin,تنوین,tenvin,تەنۋىن
term,t165bt8e,تنوين ضم,tanwin damma,تنوین ضمہ,tenvin damme,تەنۋىن زەممە
term,t15ap8vf,تنوين فتح,tanwin fatha,تنوین فتحہ,tenvin fetha,تەنۋىن پەتھە
term,t15ap9fw,تنوين كسر,tanwin kasra,تنوین کسرہ,tenvin kesre,تەنۋىن كەسرە
term,tnyckcs,جمع مؤنث سالم,sound feminine plural,جمع مؤنث سالم,salim müennes çoğulu,مۇئەننەس كۆپلۈك
term,t1y0i5gl,حرف جر,preposition,حرف جر,edat (harf-i cer),يۈكلىمە ھەرپ
term,ty5xhaz,سكون,sukun,سکون,sükun,سۈكۇن
term,t36rwxj,شدة,shadda,شدہ,şedde,شەددە
term,t4v03eg,شِدَّة,shadda,شدہ,şedde,شەددە
term,t5figm6,ضمير مخاطب,second-person pronoun,ضمیر مخاطب,muhatap zamiri,خىتاب زاتلىق ئالماش
term,to75yy6,فعل أمر,imperative verb,فعل امر,emir fiili,بۇيرۇق پېئىل
term,thab41s,فعل ماضٍ,past-tense verb,فعل ماضی,geçmiş zaman fiili,ئۆتكەن زامان پېئىلى
term,t27hr1h,فعل مضارع,present-tense verb,فعل مضارع,şimdiki/geniş zaman fiili,ھازىرقى زامان پېئىلى
term,t1uwm9mq,لام شمسية,sun lam,لام شمسیہ,şemsî lam,شەمسىي لام
term,t1v2ej92,لام قمرية,moon lam,لام قمریہ,kamerî lam,قەمەرىي لام
term,t1k0rnhe,مد بالألف,elongation with alif,مد بالالف,elif ile medd,ئەلىف بىلەن سوزۇلما
term,t1k0q9c3,مد بالواو,elongation with waw,مد بالواو,vav ile medd,ۋاۋ بىلەن سوزۇلما
term,t1k0qaw8,مد بالياء,elongation with ya,مد بالیاء,ya ile medd,يا بىلەن سوزۇلما
term,ty9mtz0,همزة,hamza,ہمزہ,hemze,ھەمزە
term,t1n0dw8g,همزة قطع,hamzat al-qat,ہمزہ قطع,hemze-i kat,ھەمزە قەتئى
term,t1n0egcl,همزة وصل,hamzat al-wasl,ہمزہ وصل,hemze-i vasl,ھەمزە ۋەسل
sura,tfycc7i,الفاتحة,Al-Fatihah,الفاتحہ,Fatiha,فاتىھە
sura,tb9545w,البقرة,Al-Baqarah,البقرہ,Bakara,بەقەرە
sura,tb8rxn9,النساء,An-Nisa,النساء,Nisa,نىسا
sura,t68h192,إبراهيم,Ibrahim,ابراہیم,İbrahim,ئىبراھىم
sura,t1qrge7q,الحجر,Al-Hijr,الحجر,Hicr,ھىجر
sura,t1qrfc09,النحل,An-Nahl,النحل,Nahl,نەھل
sura,tgn7oo7,الإسراء,Al-Isra,الاسراء,İsra,ئىسرا
sura,t1qrfgpv,الكهف,Al-Kahf,الکہف,Kehf,كەھف
sura,ty7jk2m,مريم,Maryam,مریم,Meryem,مەريەم
sura,t1h3dcw7,الأنبياء,Al-Anbiya,الانبیاء,Enbiya,ئەنبىيا
sura,t1qrfb7d,النور,An-Nur,النور,Nur,نۇر
sura,t1qrfen8,القصص,Al-Qasas,القصص,Kasas,قەسەس
sura,t1qrfuey,الروم,Ar-Rum,الروم,Rum,رۇم
sura,t3hblo,يس,Ya-Sin,یٰسٓ,Yasin,ياسىن
sura,tb9rb29,الحديد,Al-Hadid,الحدید,Hadid,ھەدىد
sura,t1qrge0e,الحشر,Al-Hashr,الحشر,Haşr,ھەشر
sura,tb98a1c,الطلاق,At-Talaq,الطلاق,Talak,تالاق
sura,t1qrfbyc,الملك,Al-Mulk,الملک,Mülk,مۇلك
sura,t1qrfe6d,القلم,Al-Qalam,القلم,Kalem,قەلەم
sura,tb9rgsn,الحاقة,Al-Haqqah,الحاقہ,Hakka,ھاققە
sura,tfy5a68,المعارج,Al-Ma'arij,المعارج,Mearic,مەئارىج
sura,t36v8zq,نوح,Nuh,نوح,Nuh,نۇھ
sura,ty6sir0,الجن,Al-Jinn,الجن,Cin,جىن
sura,tb8tz3k,المزمل,Al-Muzzammil,المزمل,Müzzemmil,مۇززەممىل
sura,tb8rq46,المدثر,Al-Muddaththir,المدثر,Müddessir,مۇددەسسىر
sura,tg0nuat,القيامة,Al-Qiyamah,القیامہ,Kıyame,قىيامە
sura,tgka5hz,الإنسان,Al-Insan,الانسان,İnsan,ئىنسان
sura,tsy9ze0,المرسلات,Al-Mursalat,المرسلات,Mürselat,مۇرسەلات
sura,t1qrfbwr,النبأ,An-Naba,النبا,Nebe,نەبە
sura,triqqv5,النازعات,An-Nazi'at,النازعات,Naziat,نازىئات
sura,t36rh53,عبس,Abasa,عبس,Abese,ئابەسە
sura,tgrfem4,التكوير,At-Takwir,التکویر,Tekvir,تەكۋىر
sura,t1er0sx3,الانفطار,Al-Infitar,الانفطار,İnfitar,ئىنفىتار
sura,tsyrhvc,المطففين,Al-Mutaffifin,المطففین,Mutaffifin,مۇتەففىفىن
sura,t1enw35g,الانشقاق,Al-Inshiqaq,الانشقاق,İnşikak,ئىنشىقاق
sura,tb940xn,البروج,Al-Buruj,البروج,Buruc,بۇرۇج
sura,tb96545,الطارق,At-Tariq,الطارق,Tarık,تارىق
sura,tb9mqpd,الأعلى,Al-A'la,الاعلیٰ,Ala,ئەئلا
sura,tgfz7u4,الغاشية,Al-Ghashiyah,الغاشیہ,Gaşiye,غاشىيە
sura,t1qrfguy,الفجر,Al-Fajr,الفجر,Fecr,فەجر
sura,t1qrfptx,البلد,Al-Balad,البلد,Beled,بەلەد
sura,t1qrfso4,الشمس,Ash-Shams,الشمس,Şems,شەمس
sura,t1qrf9l8,الليل,Al-Layl,اللیل,Leyl,لەيل
sura,t1qrfq9g,الضحى,Ad-Duha,الضحیٰ,Duha,دۇھا
sura,t1qrfs26,الشرح,Ash-Sharh,الشرح,İnşirah,شەرھ
sura,t1qrgcgw,التين,At-Tin,التین,Tin,تىن
sura,t1qri8mx,العلق,Al-Alaq,العلق,Alak,ئەلەق
sura,t1qrfeii,القدر,Al-Qadr,القدر,Kadir,قەدر
sura,tb94w5n,البينة,Al-Bayyinah,البینہ,Beyyine,بەييىنە
sura,tg8yf73,الزلزلة,Az-Zalzalah,الزلزلہ,Zilzal,زىلزىلە
sura,t11pzuq8,العاديات,Al-Adiyat,العادیات,Adiyat,ئادىيات
sura,tfz3ate,القارعة,Al-Qari'ah,القارعہ,Karia,قارىئە
sura,tgrd6fm,التكاثر,At-Takathur,التکاثر,Tekasür,تەكاسۇر
sura,t1qri9wb,العصر,Al-Asr,العصر,Asr,ئەسر
sura,tb8tpdr,الهمزة,Al-Humazah,الھمزہ,Hümeze,ھۇمەزە
sura,t1qrfeh5,الفيل,Al-Fil,الفیل,Fil,فىل
sura,ty9phe0,قريش,Quraysh,قریش,Kureyş,قۇرەيش
sura,tfvrewj,الماعون,Al-Ma'un,الماعون,Maun,ماۇن
sura,tb8w7dj,الكوثر,Al-Kawthar,الکوثر,Kevser,كەۋسەر
sura,ts1i6zg,الكافرون,Al-Kafirun,الکافرون,Kafirun,كافىرۇن
sura,t1qrfbhg,النصر,An-Nasr,النصر,Nasr,نەسر
sura,t1qrfdrz,المسد,Al-Masad,المسد,Mesed,مەسەد
sura,tgn7um3,الإخلاص,Al-Ikhlas,الاخلاص,İhlas,ئىخلاس
sura,t1qrff41,الفلق,Al-Falaq,الفلق,Felak,فەلەق
sura,t1qrfbxw,الناس,An-Nas,الناس,Nas,ناس
sura,ty9u9w5,يوسف,Yusuf,یوسف,Yusuf,يۈسۈپ
sura,t1qrfb1d,النمل,An-Naml,النمل,Neml,نەمل